Date,team1,team2,winners,team1wins,team2wins,ties
2019-04-01,TEX,HOU,HOU,3215,5162,1623
2019-04-01,SFG,LAD,LAD,1947,7422,631
2019-04-01,DET,NYY,NYY,2516,5834,1650
2019-04-01,CHC,ATL,CHC,8128,1034,838
2019-04-01,BOS,OAK,OAK,2335,6215,1450
2019-04-01,COL,TBR,TBR,3783,4192,2025
2019-04-01,CHW,CLE,CHW,5803,2763,1434
2019-04-01,PIT,STL,PIT,5430,2957,1613
2019-04-01,CIN,MIL,MIL,2996,5366,1638
2019-04-01,MIA,NYM,NYM,3635,5421,944
2019-04-01,SDP,ARI,SDP,8118,1163,719
2019-04-01,SEA,LAA,SEA,6570,2027,1403
2019-04-01,BAL,TOR,TOR,2676,5772,1552
2019-04-02,TEX,HOU,HOU,3335,5172,1493
2019-04-02,SFG,LAD,LAD,2916,6360,724
2019-04-02,DET,NYY,NYY,2087,6318,1595
2019-04-02,KCR,MIN,MIN,3327,5529,1144
2019-04-02,BOS,OAK,OAK,1694,7285,1021
2019-04-02,COL,TBR,TBR,2175,6404,1421
2019-04-02,PHI,WSN,PHI,7098,2116,786
2019-04-02,CIN,MIL,MIL,2486,5624,1890
2019-04-02,MIA,NYM,NYM,2782,6158,1060
2019-04-02,SDP,ARI,SDP,5747,3129,1124
2019-04-02,SEA,LAA,SEA,7075,1619,1306
2019-04-02,BAL,TOR,TOR,3398,5053,1549
2019-04-03,TEX,HOU,HOU,3855,4421,1724
2019-04-03,SFG,LAD,LAD,2803,6321,876
2019-04-03,DET,NYY,NYY,3070,5234,1696
2019-04-03,KCR,MIN,MIN,2951,5731,1318
2019-04-03,CHC,ATL,CHC,4626,4413,961
2019-04-03,BOS,OAK,OAK,1921,6981,1098
2019-04-03,COL,TBR,TBR,1557,7102,1341
2019-04-03,CHW,CLE,CHW,4501,3926,1573
2019-04-03,PHI,WSN,PHI,8117,1200,683
2019-04-03,PIT,STL,PIT,4542,3580,1878
2019-04-03,CIN,MIL,MIL,2321,5627,2052
2019-04-03,MIA,NYM,NYM,2659,6173,1168
2019-04-03,SDP,ARI,SDP,4996,3810,1194
2019-04-03,BAL,TOR,TOR,3726,4590,1684
2019-04-04,BAL,NYY,NYY,3939,4314,1747
2019-04-04,CHC,ATL,ATL,4079,4773,1148
2019-04-04,BOS,OAK,OAK,2526,6189,1285
2019-04-04,TOR,CLE,TOR,6512,2172,1316
2019-04-04,NYM,WSN,NYM,6440,2621,939
2019-04-04,LAA,TEX,TEX,3714,5182,1104
2019-04-04,PIT,CIN,PIT,5475,2494,2031
2019-04-04,DET,KCR,KCR,3344,4467,2189
2019-04-05,OAK,HOU,OAK,5950,2246,1804
2019-04-05,COL,LAD,LAD,2703,6502,795
2019-04-05,PHI,MIN,PHI,5386,3225,1389
2019-04-05,MIA,ATL,ATL,3253,5478,1269
2019-04-05,SFG,TBR,TBR,1904,6509,1587
2019-04-05,TOR,CLE,TOR,5350,3065,1585
2019-04-05,SDP,STL,STL,3373,4467,2160
2019-04-05,CHC,MIL,MIL,3032,5689,1279
2019-04-05,BOS,ARI,ARI,4218,4718,1064
2019-04-05,LAA,TEX,TEX,2895,6077,1028
2019-04-05,PIT,CIN,PIT,6033,2106,1861
2019-04-05,SEA,CHW,SEA,5564,2846,1590
2019-04-06,OAK,HOU,OAK,5486,2542,1972
2019-04-06,COL,LAD,LAD,2428,6715,857
2019-04-06,BAL,NYY,NYY,3208,5189,1603
2019-04-06,PHI,MIN,PHI,6503,2306,1191
2019-04-06,MIA,ATL,ATL,2710,6055,1235
2019-04-06,SFG,TBR,TBR,1465,7026,1509
2019-04-06,TOR,CLE,TOR,5014,3311,1675
2019-04-06,NYM,WSN,NYM,5354,3520,1126
2019-04-06,SDP,STL,SDP,4071,3678,2251
2019-04-06,CHC,MIL,MIL,3100,5830,1070
2019-04-06,BOS,ARI,ARI,3529,5516,955
2019-04-06,LAA,TEX,TEX,3350,5572,1078
2019-04-06,PIT,CIN,PIT,6434,1737,1829
2019-04-06,SEA,CHW,SEA,4966,3552,1482
2019-04-06,DET,KCR,KCR,3684,4005,2311
2019-04-07,OAK,HOU,OAK,4291,3796,1913
2019-04-07,COL,LAD,LAD,1973,7159,868
2019-04-07,BAL,NYY,NYY,2862,5528,1610
2019-04-07,PHI,MIN,PHI,5481,3239,1280
2019-04-07,MIA,ATL,ATL,3150,5505,1345
2019-04-07,SFG,TBR,TBR,2174,6206,1620
2019-04-07,TOR,CLE,CLE,4069,4322,1609
2019-04-07,NYM,WSN,NYM,5512,3367,1121
2019-04-07,SDP,STL,SDP,4581,3206,2213
2019-04-07,CHC,MIL,MIL,4080,5014,906
2019-04-07,BOS,ARI,ARI,3506,5517,977
2019-04-07,LAA,TEX,TEX,3848,5052,1100
2019-04-07,PIT,CIN,PIT,6137,2094,1769
2019-04-07,SEA,CHW,SEA,6082,2644,1274
2019-04-07,DET,KCR,DET,4643,3230,2127
2019-04-08,NYY,HOU,NYY,5573,3286,1141
2019-04-08,STL,LAD,LAD,2648,6371,981
2019-04-08,COL,ATL,ATL,2370,6438,1192
2019-04-08,BAL,OAK,OAK,2660,5892,1448
2019-04-08,CHW,TBR,TBR,1953,6572,1475
2019-04-08,PHI,WSN,PHI,5964,3029,1007
2019-04-08,LAA,MIL,MIL,4129,4704,1167
2019-04-08,PIT,CHC,PIT,5479,3513,1008
2019-04-08,SDP,SFG,SDP,5099,2834,2067
2019-04-08,KCR,SEA,SEA,2076,6740,1184
2019-04-09,NYY,HOU,NYY,5394,3390,1216
2019-04-09,STL,LAD,LAD,2960,6003,1037
2019-04-09,NYM,MIN,MIN,4303,4434,1263
2019-04-09,COL,ATL,ATL,2302,6509,1189
2019-04-09,BAL,OAK,OAK,4015,4709,1276
2019-04-09,CHW,TBR,TBR,1735,6913,1352
2019-04-09,DET,CLE,CLE,4055,4268,1677
2019-04-09,PHI,WSN,PHI,5979,2971,1050
2019-04-09,LAA,MIL,MIL,4380,4444,1176
2019-04-09,TEX,ARI,TEX,4590,4545,865
2019-04-09,TOR,BOS,TOR,5485,3340,1175
2019-04-09,SDP,SFG,SDP,5191,2879,1930
2019-04-09,MIA,CIN,MIA,4458,3781,1761
2019-04-09,KCR,SEA,SEA,1530,7512,958
2019-04-10,NYY,HOU,NYY,4923,3736,1341
2019-04-10,STL,LAD,LAD,3458,5552,990
2019-04-10,NYM,MIN,MIN,3667,5225,1108
2019-04-10,BAL,OAK,OAK,3167,5715,1118
2019-04-10,CHW,TBR,TBR,1772,7109,1119
2019-04-10,DET,CLE,CLE,3300,5134,1566
2019-04-10,PHI,WSN,PHI,5387,3511,1102
2019-04-10,LAA,MIL,LAA,4786,4092,1122
2019-04-10,TEX,ARI,TEX,4542,4489,969
2019-04-10,PIT,CHC,CHC,4366,4591,1043
2019-04-10,SDP,SFG,SDP,4267,3823,1910
2019-04-10,MIA,CIN,CIN,3198,5725,1077
2019-04-10,KCR,SEA,SEA,1407,7578,1015
2019-04-11,STL,LAD,LAD,3861,5122,1017
2019-04-11,NYM,ATL,ATL,3543,5086,1371
2019-04-11,BAL,OAK,OAK,2769,6213,1018
2019-04-11,DET,CLE,CLE,3746,4596,1658
2019-04-11,SDP,ARI,SDP,4667,4332,1001
2019-04-11,TOR,BOS,TOR,5723,3065,1212
2019-04-11,PIT,CHC,PIT,4609,4429,962
2019-04-11,COL,SFG,SFG,2685,5716,1599
2019-04-11,MIA,CIN,CIN,3152,5767,1081
2019-04-11,KCR,SEA,SEA,1487,7466,1047
2019-04-12,SEA,HOU,SEA,5792,2835,1373
2019-04-12,MIL,LAD,LAD,3465,5575,960
2019-04-12,CHW,NYY,NYY,2540,6425,1035
2019-04-12,NYM,ATL,ATL,3939,4684,1377
2019-04-12,TEX,OAK,OAK,3889,4957,1154
2019-04-12,TOR,TBR,TBR,2276,6374,1350
2019-04-12,KCR,CLE,CLE,2370,6144,1486
2019-04-12,PIT,WSN,WSN,3765,5215,1020
2019-04-12,SDP,ARI,SDP,4791,4118,1091
2019-04-12,BAL,BOS,BOS,4172,4605,1223
2019-04-12,LAA,CHC,LAA,4784,4222,994
2019-04-12,MIA,PHI,PHI,2924,5993,1083
2019-04-12,COL,SFG,SFG,2645,5741,1614
2019-04-13,SEA,HOU,SEA,5381,3277,1342
2019-04-13,MIL,LAD,LAD,3666,5309,1025
2019-04-13,CHW,NYY,NYY,2851,6053,1096
2019-04-13,DET,MIN,MIN,3607,5245,1148
2019-04-13,NYM,ATL,NYM,4374,4162,1464
2019-04-13,TOR,TBR,TBR,2335,6503,1162
2019-04-13,KCR,CLE,CLE,3360,5026,1614
2019-04-13,PIT,WSN,WSN,4097,4837,1066
2019-04-13,CIN,STL,STL,3865,4781,1354
2019-04-13,SDP,ARI,SDP,4845,4087,1068
2019-04-13,BAL,BOS,BOS,3937,4821,1242
2019-04-13,LAA,CHC,CHC,4334,4676,990
2019-04-13,MIA,PHI,PHI,2385,6636,979
2019-04-13,COL,SFG,SFG,2554,5797,1649
2019-04-14,SEA,HOU,SEA,5174,3519,1307
2019-04-14,MIL,LAD,LAD,3964,5049,987
2019-04-14,CHW,NYY,NYY,2647,6265,1088
2019-04-14,DET,MIN,MIN,3511,5347,1142
2019-04-14,NYM,ATL,ATL,3995,4561,1444
2019-04-14,TEX,OAK,OAK,3747,5138,1115
2019-04-14,TOR,TBR,TBR,2557,6207,1236
2019-04-14,KCR,CLE,CLE,3764,4631,1605
2019-04-14,PIT,WSN,WSN,3998,4860,1142
2019-04-14,CIN,STL,STL,4223,4354,1423
2019-04-14,SDP,ARI,SDP,4966,3922,1112
2019-04-14,BAL,BOS,BOS,4306,4428,1266
2019-04-14,MIA,PHI,PHI,3149,5823,1028
2019-04-14,COL,SFG,SFG,2353,5983,1664
2019-04-15,CIN,LAD,LAD,4070,4956,974
2019-04-15,TOR,MIN,MIN,3452,5322,1226
2019-04-15,SEA,CLE,SEA,5882,2964,1154
2019-04-15,MIL,STL,STL,3261,5301,1438
2019-04-15,PHI,NYM,PHI,4669,4045,1286
2019-04-15,BAL,BOS,BOS,4025,4713,1262
2019-04-15,MIA,CHC,CHC,3319,5734,947
2019-04-15,LAA,TEX,LAA,4625,4212,1163
2019-04-15,KCR,CHW,KCR,5138,3556,1306
2019-04-15,SDP,COL,SDP,5671,2950,1379
2019-04-16,OAK,HOU,HOU,4172,4489,1339
2019-04-16,CIN,LAD,LAD,3988,5006,1006
2019-04-16,BOS,NYY,NYY,2767,5981,1252
2019-04-16,TOR,MIN,MIN,3564,5160,1276
2019-04-16,ARI,ATL,ATL,3561,5163,1276
2019-04-16,BAL,TBR,TBR,2025,6879,1096
2019-04-16,SEA,CLE,SEA,5534,3163,1303
2019-04-16,SFG,WSN,WSN,3818,5088,1094
2019-04-16,MIL,STL,STL,3682,4924,1394
2019-04-16,PHI,NYM,PHI,4475,4254,1271
2019-04-16,MIA,CHC,CHC,3204,5827,969
2019-04-16,LAA,TEX,TEX,4289,4605,1106
2019-04-16,KCR,CHW,KCR,5031,3610,1359
2019-04-16,SDP,COL,SDP,5292,3245,1463
2019-04-16,DET,PIT,PIT,3583,4767,1650
2019-04-17,OAK,HOU,HOU,3682,4986,1332
2019-04-17,CIN,LAD,LAD,3728,5244,1028
2019-04-17,BOS,NYY,NYY,2405,6430,1165
2019-04-17,TOR,MIN,MIN,3674,5051,1275
2019-04-17,ARI,ATL,ATL,3829,4964,1207
2019-04-17,BAL,TBR,TBR,1931,6976,1093
2019-04-17,SEA,CLE,SEA,5329,3323,1348
2019-04-17,SFG,WSN,WSN,4026,4870,1104
2019-04-17,MIL,STL,STL,3887,4624,1489
2019-04-17,PHI,NYM,PHI,5289,3457,1254
2019-04-17,MIA,CHC,CHC,3001,5994,1005
2019-04-17,LAA,TEX,TEX,3840,4973,1187
2019-04-17,KCR,CHW,KCR,4667,3918,1415
2019-04-17,DET,PIT,PIT,3290,4990,1720
2019-04-18,MIL,LAD,LAD,3597,5290,1113
2019-04-18,KCR,NYY,NYY,3125,5593,1282
2019-04-18,TOR,MIN,MIN,3521,5255,1224
2019-04-18,ARI,ATL,ATL,3820,4976,1204
2019-04-18,BAL,TBR,TBR,1710,7276,1014
2019-04-18,SFG,WSN,WSN,3881,5021,1098
2019-04-18,COL,PHI,PHI,3235,5707,1058
2019-04-18,SDP,CIN,CIN,3843,4702,1455
2019-04-18,DET,CHW,DET,4637,3907,1456
2019-04-18,SEA,LAA,SEA,5548,3247,1205
2019-04-19,TEX,HOU,HOU,3953,4767,1280
2019-04-19,MIL,LAD,LAD,3602,5373,1025
2019-04-19,KCR,NYY,NYY,3507,5174,1319
2019-04-19,TOR,OAK,OAK,3974,4787,1239
2019-04-19,BOS,TBR,TBR,1671,7346,983
2019-04-19,MIA,WSN,WSN,2623,6376,1001
2019-04-19,NYM,STL,STL,3346,5182,1472
2019-04-19,CHC,ARI,CHC,5065,3859,1076
2019-04-19,COL,PHI,PHI,3569,5330,1101
2019-04-19,PIT,SFG,PIT,4778,3452,1770
2019-04-19,SDP,CIN,CIN,3761,4860,1379
2019-04-19,DET,CHW,DET,4857,3732,1411
2019-04-19,SEA,LAA,SEA,5573,3279,1148
2019-04-20,TEX,HOU,HOU,3618,5092,1290
2019-04-20,MIL,LAD,LAD,3463,5439,1098
2019-04-20,KCR,NYY,NYY,3301,5404,1295
2019-04-20,BAL,MIN,MIN,2956,5879,1165
2019-04-20,BAL,MIN,MIN,2937,5829,1234
2019-04-20,CLE,ATL,ATL,4138,4452,1410
2019-04-20,CLE,ATL,ATL,4095,4446,1459
2019-04-20,TOR,OAK,OAK,4149,4622,1229
2019-04-20,BOS,TBR,TBR,1766,7176,1058
2019-04-20,MIA,WSN,WSN,2851,6096,1053
2019-04-20,NYM,STL,STL,3374,5027,1599
2019-04-20,CHC,ARI,CHC,5247,3721,1032
2019-04-20,COL,PHI,PHI,3446,5378,1176
2019-04-20,PIT,SFG,PIT,5025,3209,1766
2019-04-20,SDP,CIN,CIN,3525,5040,1435
2019-04-20,SEA,LAA,SEA,5585,3233,1182
2019-04-21,TEX,HOU,HOU,3979,4749,1272
2019-04-21,MIL,LAD,LAD,3836,5114,1050
2019-04-21,KCR,NYY,NYY,2970,5825,1205
2019-04-21,BAL,MIN,MIN,2791,6170,1039
2019-04-21,CLE,ATL,ATL,4266,4300,1434
2019-04-21,TOR,OAK,TOR,4624,4149,1227
2019-04-21,BOS,TBR,TBR,1885,7048,1067
2019-04-21,MIA,WSN,WSN,3146,5739,1115
2019-04-21,NYM,STL,STL,3004,5535,1461
2019-04-21,CHC,ARI,CHC,4873,4069,1058
2019-04-21,COL,PHI,PHI,3419,5454,1127
2019-04-21,PIT,SFG,PIT,5171,3045,1784
2019-04-21,SDP,CIN,CIN,3516,4994,1490
2019-04-21,DET,CHW,DET,4503,4124,1373
2019-04-21,SEA,LAA,SEA,5639,3150,1211
2019-04-22,MIN,HOU,MIN,4456,4316,1228
2019-04-22,LAA,NYY,NYY,3267,5468,1265
2019-04-22,TEX,OAK,TEX,4888,3964,1148
2019-04-22,KCR,TBR,TBR,2349,6350,1301
2019-04-22,COL,WSN,WSN,3703,5200,1097
2019-04-22,MIL,STL,STL,3429,5108,1463
2019-04-22,PHI,NYM,PHI,5269,3585,1146
2019-04-22,PIT,ARI,PIT,4672,4183,1145
2019-04-22,BAL,CHW,CHW,3590,4978,1432
2019-04-23,MIN,HOU,MIN,4712,4105,1183
2019-04-23,CHC,LAD,LAD,4353,4608,1039
2019-04-23,LAA,NYY,NYY,3244,5464,1292
2019-04-23,CIN,ATL,ATL,4128,4579,1293
2019-04-23,TEX,OAK,TEX,4608,4244,1148
2019-04-23,KCR,TBR,TBR,2242,6464,1294
2019-04-23,MIA,CLE,CLE,3007,5706,1287
2019-04-23,COL,WSN,WSN,3767,5019,1214
2019-04-23,MIL,STL,STL,3122,5582,1296
2019-04-23,PHI,NYM,PHI,5140,3711,1149
2019-04-23,PIT,ARI,ARI,4261,4591,1148
2019-04-23,DET,BOS,DET,5028,3571,1401
2019-04-23,DET,BOS,DET,5035,3570,1395
2019-04-23,TOR,SFG,TOR,4798,3438,1764
2019-04-23,BAL,CHW,CHW,3140,5596,1264
2019-04-23,SEA,SDP,SEA,5712,2761,1527
2019-04-24,MIN,HOU,HOU,4383,4409,1208
2019-04-24,CHC,LAD,CHC,4489,4462,1049
2019-04-24,LAA,NYY,NYY,3184,5538,1278
2019-04-24,CIN,ATL,ATL,4154,4497,1349
2019-04-24,TEX,OAK,OAK,4264,4555,1181
2019-04-24,KCR,TBR,TBR,2076,6608,1316
2019-04-24,MIA,CLE,CLE,3017,5624,1359
2019-04-24,COL,WSN,WSN,3623,5187,1190
2019-04-24,MIL,STL,STL,3157,5458,1385
2019-04-24,PHI,NYM,PHI,4526,4300,1174
2019-04-24,PIT,ARI,ARI,4240,4615,1145
2019-04-24,DET,BOS,DET,5366,3281,1353
2019-04-24,TOR,SFG,TOR,4849,3514,1637
2019-04-24,BAL,CHW,CHW,3741,4961,1298
2019-04-24,SEA,SDP,SEA,5548,3001,1451
2019-04-25,CLE,HOU,HOU,3623,5141,1236
2019-04-25,CHC,LAD,CHC,4490,4376,1134
2019-04-25,LAA,NYY,NYY,3088,5596,1316
2019-04-25,CIN,ATL,ATL,4057,4563,1380
2019-04-25,PIT,ARI,ARI,3763,5081,1156
2019-04-25,DET,BOS,DET,4839,3779,1382
2019-04-25,MIA,PHI,PHI,3296,5676,1028
2019-04-25,SEA,TEX,SEA,5126,3780,1094
2019-04-26,CLE,HOU,HOU,3702,4976,1322
2019-04-26,PIT,LAD,LAD,3539,5257,1204
2019-04-26,SFG,NYY,NYY,3331,5271,1398
2019-04-26,BAL,MIN,MIN,3160,5735,1105
2019-04-26,COL,ATL,ATL,3546,5000,1454
2019-04-26,TOR,OAK,OAK,4226,4581,1193
2019-04-26,SDP,WSN,WSN,3868,4849,1283
2019-04-26,CIN,STL,STL,3490,5128,1382
2019-04-26,NYM,MIL,NYM,4429,4339,1232
2019-04-26,CHC,ARI,ARI,4423,4579,998
2019-04-26,MIA,PHI,PHI,3334,5571,1095
2019-04-26,SEA,TEX,SEA,5564,3413,1023
2019-04-26,DET,CHW,CHW,4306,4319,1375
2019-04-26,KCR,LAA,LAA,4029,4584,1387
2019-04-27,CLE,HOU,HOU,3883,4795,1322
2019-04-27,PIT,LAD,LAD,3348,5452,1200
2019-04-27,SFG,NYY,NYY,3131,5425,1444
2019-04-27,BAL,MIN,MIN,2963,5950,1087
2019-04-27,COL,ATL,ATL,3828,4788,1384
2019-04-27,TOR,OAK,OAK,4362,4383,1255
2019-04-27,BOS,TBR,TBR,2471,6234,1295
2019-04-27,SDP,WSN,WSN,3977,4782,1241
2019-04-27,CIN,STL,STL,4159,4562,1279
2019-04-27,NYM,MIL,MIL,4000,4744,1256
2019-04-27,CHC,ARI,ARI,4359,4615,1026
2019-04-27,MIA,PHI,PHI,3169,5702,1129
2019-04-27,SEA,TEX,SEA,5581,3315,1104
2019-04-27,KCR,LAA,LAA,3850,4797,1353
2019-04-28,CLE,HOU,HOU,3842,4786,1372
2019-04-28,PIT,LAD,LAD,3302,5494,1204
2019-04-28,SFG,NYY,NYY,3100,5443,1457
2019-04-28,BAL,MIN,MIN,2659,6314,1027
2019-04-28,COL,ATL,ATL,4151,4456,1393
2019-04-28,TOR,OAK,TOR,4672,4072,1256
2019-04-28,BOS,TBR,TBR,2429,6303,1268
2019-04-28,SDP,WSN,WSN,4118,4555,1327
2019-04-28,CIN,STL,STL,4019,4591,1390
2019-04-28,NYM,MIL,MIL,3965,4749,1286
2019-04-28,CHC,ARI,CHC,4661,4295,1044
2019-04-28,MIA,PHI,PHI,3191,5749,1060
2019-04-28,SEA,TEX,SEA,5036,3856,1108
2019-04-28,DET,CHW,CHW,4325,4441,1234
2019-04-28,KCR,LAA,LAA,4126,4514,1360
2019-04-29,MIN,HOU,MIN,4455,4299,1246
2019-04-29,SFG,LAD,LAD,3372,5443,1185
2019-04-29,SDP,ATL,ATL,4050,4452,1498
2019-04-29,BOS,OAK,OAK,3712,5124,1164
2019-04-29,KCR,TBR,TBR,2662,6015,1323
2019-04-29,STL,WSN,STL,4987,3782,1231
2019-04-29,COL,MIL,MIL,4282,4430,1288
2019-04-29,CIN,NYM,CIN,5101,3726,1173
2019-04-29,BAL,CHW,CHW,3488,5294,1218
2019-04-30,MIN,HOU,MIN,4598,4200,1202
2019-04-30,SFG,LAD,LAD,3482,5307,1211
2019-04-30,ARI,NYY,NYY,3980,4826,1194
2019-04-30,SDP,ATL,ATL,3879,4643,1478
2019-04-30,BOS,OAK,OAK,3860,4908,1232
2019-04-30,MIA,CLE,CLE,2960,5774,1266
2019-04-30,STL,WSN,STL,5035,3677,1288
2019-04-30,COL,MIL,MIL,4128,4613,1259
2019-04-30,CIN,NYM,CIN,5073,3657,1270
2019-04-30,SEA,CHC,CHC,4165,4704,1131
2019-04-30,DET,PHI,PHI,3674,5137,1189
2019-04-30,PIT,TEX,TEX,3767,5137,1096
2019-04-30,TOR,LAA,TOR,4764,3871,1365
2019-05-01,MIN,HOU,HOU,4062,4805,1133
2019-05-01,SFG,LAD,LAD,3126,5690,1184
2019-05-01,ARI,NYY,NYY,4169,4644,1187
2019-05-01,SDP,ATL,ATL,3924,4555,1521
2019-05-01,BOS,OAK,OAK,3998,4674,1328
2019-05-01,KCR,TBR,TBR,2579,6050,1371
2019-05-01,KCR,TBR,TBR,2600,6075,1325
2019-05-01,MIA,CLE,CLE,2809,5918,1273
2019-05-01,STL,WSN,STL,5137,3647,1216
2019-05-01,COL,MIL,MIL,4080,4654,1266
2019-05-01,CIN,NYM,CIN,4920,3820,1260
2019-05-01,SEA,CHC,CHC,4218,4680,1102
2019-05-01,DET,PHI,PHI,3681,5203,1116
2019-05-01,PIT,TEX,TEX,3972,4946,1082
2019-05-01,BAL,CHW,CHW,3421,5386,1193
2019-05-01,BAL,CHW,CHW,3344,5407,1249
2019-05-01,TOR,LAA,TOR,4636,3944,1420
2019-05-02,MIN,HOU,HOU,4188,4596,1216
2019-05-02,SDP,ATL,ATL,3716,4856,1428
2019-05-02,KCR,TBR,TBR,2848,5667,1485
2019-05-02,STL,WSN,STL,5263,3484,1253
2019-05-02,COL,MIL,COL,4439,4311,1250
2019-05-02,CIN,NYM,CIN,5012,3819,1169
2019-05-02,CHW,BOS,CHW,4495,4242,1263
2019-05-02,TOR,LAA,TOR,4593,4009,1398
2019-05-03,SDP,LAD,LAD,3641,5177,1182
2019-05-03,MIN,NYY,NYY,4324,4440,1236
2019-05-03,MIA,ATL,ATL,3045,5646,1309
2019-05-03,PIT,OAK,OAK,4277,4386,1337
2019-05-03,BAL,TBR,TBR,2128,6667,1205
2019-05-03,SEA,CLE,SEA,4414,4377,1209
2019-05-03,PHI,WSN,PHI,4859,4012,1129
2019-05-03,CHC,STL,CHC,4485,4225,1290
2019-05-03,NYM,MIL,MIL,4221,4515,1264
2019-05-03,COL,ARI,ARI,4036,4890,1074
2019-05-03,CHW,BOS,CHW,4603,4080,1317
2019-05-03,TOR,TEX,TEX,4350,4511,1139
2019-05-03,CIN,SFG,CIN,5097,3389,1514
2019-05-03,DET,KCR,KCR,3927,4482,1591
2019-05-04,LAA,HOU,HOU,3871,4869,1260
2019-05-04,SDP,LAD,LAD,3642,5169,1189
2019-05-04,MIN,NYY,NYY,4084,4629,1287
2019-05-04,MIA,ATL,ATL,2900,5840,1260
2019-05-04,PIT,OAK,OAK,3814,4918,1268
2019-05-04,BAL,TBR,TBR,1968,6894,1138
2019-05-04,SEA,CLE,CLE,4290,4451,1259
2019-05-04,PHI,WSN,PHI,4853,4006,1141
2019-05-04,CHC,STL,CHC,4570,4107,1323
2019-05-04,NYM,MIL,MIL,4133,4571,1296
2019-05-04,COL,ARI,ARI,3955,4943,1102
2019-05-04,CHW,BOS,CHW,4350,4313,1337
2019-05-04,TOR,TEX,TEX,4346,4570,1084
2019-05-04,CIN,SFG,CIN,5091,3567,1342
2019-05-04,DET,KCR,KCR,4104,4365,1531
2019-05-05,LAA,HOU,HOU,3391,5359,1250
2019-05-05,SDP,LAD,LAD,3622,5124,1254
2019-05-05,MIN,NYY,NYY,4212,4445,1343
2019-05-05,MIA,ATL,ATL,2726,5989,1285
2019-05-05,PIT,OAK,OAK,3854,4915,1231
2019-05-05,SEA,CLE,CLE,4250,4373,1377
2019-05-05,PHI,WSN,PHI,4728,3999,1273
2019-05-05,CHC,STL,CHC,4660,3993,1347
2019-05-05,NYM,MIL,MIL,4189,4560,1251
2019-05-05,COL,ARI,ARI,3884,4991,1125
2019-05-05,CHW,BOS,BOS,3932,4814,1254
2019-05-05,TOR,TEX,TEX,4214,4680,1106
2019-05-05,CIN,SFG,CIN,5234,3490,1276
2019-05-05,DET,KCR,KCR,3662,4929,1409
2019-05-06,KCR,HOU,HOU,3470,5348,1182
2019-05-06,ATL,LAD,LAD,4050,4697,1253
2019-05-06,SEA,NYY,NYY,3872,4876,1252
2019-05-06,TOR,MIN,MIN,3802,4973,1225
2019-05-06,ARI,TBR,TBR,3971,4707,1322
2019-05-06,CHW,CLE,CLE,3646,4989,1365
2019-05-06,MIL,WSN,WSN,4362,4393,1245
2019-05-06,PHI,STL,PHI,4367,4319,1314
2019-05-06,SDP,NYM,SDP,4719,3974,1307
2019-05-06,BAL,BOS,BOS,3178,5625,1197
2019-05-06,MIA,CHC,CHC,2437,6593,970
2019-05-06,CIN,SFG,CIN,5247,3431,1322
2019-05-07,KCR,HOU,HOU,3360,5419,1221
2019-05-07,ATL,LAD,LAD,4010,4757,1233
2019-05-07,SEA,NYY,NYY,3689,5067,1244
2019-05-07,TOR,MIN,MIN,3527,5289,1184
2019-05-07,CIN,OAK,CIN,4948,3923,1129
2019-05-07,ARI,TBR,TBR,3587,5093,1320
2019-05-07,CHW,CLE,CLE,3997,4635,1368
2019-05-07,MIL,WSN,MIL,4390,4352,1258
2019-05-07,PHI,STL,STL,4192,4525,1283
2019-05-07,SDP,NYM,SDP,4841,3887,1272
2019-05-07,BAL,BOS,BOS,3330,5456,1214
2019-05-07,MIA,CHC,CHC,2451,6493,1056
2019-05-07,PIT,TEX,TEX,3761,5149,1090
2019-05-07,COL,SFG,COL,4866,3735,1399
2019-05-07,DET,LAA,LAA,3879,4726,1395
2019-05-08,KCR,HOU,HOU,3818,5016,1166
2019-05-08,ATL,LAD,LAD,3701,5058,1241
2019-05-08,SEA,NYY,NYY,3728,4982,1290
2019-05-08,TOR,MIN,MIN,3463,5289,1248
2019-05-08,CIN,OAK,CIN,4838,3998,1164
2019-05-08,ARI,TBR,TBR,3508,5242,1250
2019-05-08,CHW,CLE,CLE,4126,4557,1317
2019-05-08,MIL,WSN,MIL,4710,4058,1232
2019-05-08,PHI,STL,PHI,4589,4126,1285
2019-05-08,SDP,NYM,SDP,4903,3797,1300
2019-05-08,BAL,BOS,BOS,3202,5529,1269
2019-05-08,MIA,CHC,CHC,2362,6658,980
2019-05-08,PIT,TEX,TEX,3745,5113,1142
2019-05-08,DET,LAA,LAA,3783,4803,1414
2019-05-09,TEX,HOU,HOU,4008,4848,1144
2019-05-09,WSN,LAD,LAD,3291,5546,1163
2019-05-09,SEA,NYY,NYY,3952,4797,1251
2019-05-09,ARI,ATL,ARI,4649,4086,1265
2019-05-09,CIN,OAK,CIN,4709,4089,1202
2019-05-09,CHW,CLE,CLE,4050,4551,1399
2019-05-09,PIT,STL,STL,3511,5117,1372
2019-05-09,MIA,CHC,CHC,2465,6547,988
2019-05-09,COL,SFG,COL,4456,4261,1283
2019-05-09,DET,LAA,LAA,4053,4580,1367
2019-05-10,TEX,HOU,HOU,3917,4948,1135
2019-05-10,WSN,LAD,LAD,3503,5321,1176
2019-05-10,TBR,NYY,TBR,4790,3887,1323
2019-05-10,DET,MIN,MIN,2950,5935,1115
2019-05-10,ARI,ATL,ARI,4842,3894,1264
2019-05-10,CLE,OAK,OAK,4311,4429,1260
2019-05-10,PIT,STL,STL,3196,5594,1210
2019-05-10,CHC,MIL,CHC,5331,3459,1210
2019-05-10,MIA,NYM,NYM,3541,5208,1251
2019-05-10,SEA,BOS,SEA,4625,4223,1152
2019-05-10,KCR,PHI,PHI,3737,5130,1133
2019-05-10,CIN,SFG,CIN,5224,3596,1180
2019-05-10,TOR,CHW,TOR,4590,4142,1268
2019-05-10,BAL,LAA,LAA,3344,5421,1235
2019-05-10,SDP,COL,SDP,4681,4019,1300
2019-05-11,TEX,HOU,HOU,4023,4857,1120
2019-05-11,WSN,LAD,LAD,3330,5549,1121
2019-05-11,TBR,NYY,TBR,4666,3923,1411
2019-05-11,DET,MIN,MIN,2869,6041,1090
2019-05-11,DET,MIN,MIN,2762,6102,1136
2019-05-11,ARI,ATL,ARI,4750,3966,1284
2019-05-11,CLE,OAK,OAK,4343,4449,1208
2019-05-11,PIT,STL,STL,3172,5560,1268
2019-05-11,CHC,MIL,CHC,5062,3662,1276
2019-05-11,MIA,NYM,NYM,3211,5536,1253
2019-05-11,SEA,BOS,BOS,4179,4702,1119
2019-05-11,KCR,PHI,PHI,3963,4981,1056
2019-05-11,CIN,SFG,CIN,5515,3393,1092
2019-05-11,TOR,CHW,TOR,4555,4140,1305
2019-05-11,BAL,LAA,LAA,3183,5623,1194
2019-05-11,SDP,COL,COL,4261,4432,1307
2019-05-12,TEX,HOU,HOU,3639,5211,1150
2019-05-12,WSN,LAD,LAD,3528,5299,1173
2019-05-12,TBR,NYY,TBR,4903,3723,1374
2019-05-12,DET,MIN,MIN,2815,5992,1193
2019-05-12,ARI,ATL,ARI,4551,4149,1300
2019-05-12,CLE,OAK,OAK,4296,4399,1305
2019-05-12,PIT,STL,STL,3414,5346,1240
2019-05-12,CHC,MIL,CHC,5098,3670,1232
2019-05-12,SEA,BOS,BOS,4124,4719,1157
2019-05-12,KCR,PHI,PHI,3706,5180,1114
2019-05-12,CIN,SFG,CIN,5366,3431,1203
2019-05-12,TOR,CHW,TOR,4466,4228,1306
2019-05-12,BAL,LAA,LAA,3039,5728,1233
2019-05-12,SDP,COL,COL,4352,4380,1268
2019-05-13,DET,HOU,HOU,2836,6164,1000
2019-05-13,LAA,MIN,MIN,3555,5279,1166
2019-05-13,SEA,OAK,OAK,4310,4516,1174
2019-05-13,CHW,CLE,CLE,4080,4490,1430
2019-05-13,PHI,MIL,PHI,4942,3867,1191
2019-05-13,PIT,ARI,ARI,3675,5172,1153
2019-05-14,DET,HOU,HOU,2625,6305,1070
2019-05-14,SDP,LAD,LAD,3449,5312,1239
2019-05-14,LAA,MIN,MIN,3700,5112,1188
2019-05-14,STL,ATL,STL,4669,4031,1300
2019-05-14,SEA,OAK,OAK,4389,4445,1166
2019-05-14,MIA,TBR,TBR,1987,6842,1171
2019-05-14,CHW,CLE,CLE,4024,4538,1438
2019-05-14,NYM,WSN,NYM,4575,4192,1233
2019-05-14,PHI,MIL,PHI,5043,3701,1256
2019-05-14,PIT,ARI,ARI,3405,5362,1233
2019-05-14,COL,BOS,BOS,4005,4864,1131
2019-05-14,CIN,CHC,CHC,4074,4778,1148
2019-05-14,KCR,TEX,TEX,4221,4686,1093
2019-05-14,TOR,SFG,SFG,4336,4394,1270
2019-05-15,DET,HOU,HOU,2572,6386,1042
2019-05-15,SDP,LAD,LAD,3266,5436,1298
2019-05-15,BAL,NYY,NYY,2495,6258,1247
2019-05-15,BAL,NYY,NYY,2545,6189,1266
2019-05-15,LAA,MIN,MIN,3585,5247,1168
2019-05-15,STL,ATL,STL,5029,3714,1257
2019-05-15,MIA,TBR,TBR,1918,6956,1126
2019-05-15,NYM,WSN,NYM,4704,4080,1216
2019-05-15,PHI,MIL,PHI,4847,3921,1232
2019-05-15,PIT,ARI,ARI,3611,5204,1185
2019-05-15,COL,BOS,BOS,4045,4780,1175
2019-05-15,CIN,CHC,CHC,3980,4896,1124
2019-05-15,KCR,TEX,TEX,4393,4506,1101
2019-05-15,TOR,SFG,TOR,4393,4362,1245
2019-05-16,SEA,MIN,MIN,3592,5300,1108
2019-05-16,STL,ATL,STL,4845,3931,1224
2019-05-16,DET,OAK,OAK,3483,5286,1231
2019-05-16,BAL,CLE,CLE,3017,5569,1414
2019-05-16,NYM,WSN,NYM,4532,4292,1176
2019-05-16,PHI,MIL,PHI,4762,3969,1269
2019-05-16,CIN,CHC,CHC,4003,4875,1122
2019-05-16,KCR,TEX,TEX,4391,4543,1066
2019-05-16,TOR,CHW,TOR,4392,4298,1310
2019-05-16,PIT,SDP,SDP,3594,4780,1626
2019-05-17,BOS,HOU,HOU,3691,5140,1169
2019-05-17,CIN,LAD,LAD,4097,4715,1188
2019-05-17,TBR,NYY,TBR,4733,3876,1391
2019-05-17,SEA,MIN,MIN,3433,5427,1140
2019-05-17,MIL,ATL,MIL,4585,4082,1333
2019-05-17,DET,OAK,OAK,3239,5581,1180
2019-05-17,BAL,CLE,CLE,2926,5820,1254
2019-05-17,CHC,WSN,CHC,5409,3390,1201
2019-05-17,TEX,STL,STL,4263,4661,1076
2019-05-17,MIA,NYM,NYM,3131,5630,1239
2019-05-17,SFG,ARI,ARI,3657,5217,1126
2019-05-17,COL,PHI,PHI,3960,4881,1159
2019-05-17,TOR,CHW,CHW,4304,4387,1309
2019-05-17,KCR,LAA,LAA,3923,4828,1249
2019-05-17,PIT,SDP,SDP,3562,4857,1581
2019-05-18,BOS,HOU,HOU,3670,5213,1117
2019-05-18,CIN,LAD,LAD,3882,4935,1183
2019-05-18,TBR,NYY,TBR,4605,3983,1412
2019-05-18,SEA,MIN,MIN,3340,5533,1127
2019-05-18,MIL,ATL,MIL,4480,4180,1340
2019-05-18,DET,OAK,OAK,3218,5690,1092
2019-05-18,BAL,CLE,CLE,3182,5546,1272
2019-05-18,CHC,WSN,CHC,5710,3195,1095
2019-05-18,TEX,STL,TEX,4465,4460,1075
2019-05-18,MIA,NYM,NYM,3240,5544,1216
2019-05-18,SFG,ARI,ARI,3332,5556,1112
2019-05-18,COL,PHI,PHI,4000,4877,1123
2019-05-18,TOR,CHW,TOR,4465,4252,1283
2019-05-18,KCR,LAA,LAA,3769,4970,1261
2019-05-18,PIT,SDP,SDP,3576,4807,1617
2019-05-19,BOS,HOU,HOU,3591,5326,1083
2019-05-19,CIN,LAD,LAD,4044,4811,1145
2019-05-19,TBR,NYY,TBR,4645,3962,1393
2019-05-19,SEA,MIN,MIN,3141,5869,990
2019-05-19,MIL,ATL,MIL,4475,4229,1296
2019-05-19,DET,OAK,OAK,2972,5834,1194
2019-05-19,BAL,CLE,CLE,3048,5638,1314
2019-05-19,CHC,WSN,CHC,5586,3285,1129
2019-05-19,TEX,STL,STL,4312,4677,1011
2019-05-19,MIA,NYM,NYM,3236,5603,1161
2019-05-19,SFG,ARI,ARI,3506,5375,1119
2019-05-19,COL,PHI,PHI,3944,4917,1139
2019-05-19,TOR,CHW,TOR,4466,4259,1275
2019-05-19,KCR,LAA,LAA,3798,4981,1221
2019-05-19,PIT,SDP,SDP,3818,4566,1616
2019-05-20,CHW,HOU,HOU,2812,6122,1066
2019-05-20,BAL,NYY,NYY,2334,6473,1193
2019-05-20,LAA,MIN,MIN,3524,5320,1156
2019-05-20,SFG,ATL,ATL,3678,5028,1294
2019-05-20,CLE,OAK,OAK,4403,4436,1161
2019-05-20,NYM,WSN,NYM,4462,4284,1254
2019-05-20,SDP,ARI,ARI,3705,5119,1176
2019-05-20,TOR,BOS,BOS,3796,5018,1186
2019-05-20,PHI,CHC,CHC,4029,4823,1148
2019-05-20,SEA,TEX,TEX,3987,4968,1045
2019-05-21,CHW,HOU,HOU,2893,6091,1016
2019-05-21,TBR,LAD,LAD,4329,4440,1231
2019-05-21,BAL,NYY,NYY,2320,6475,1205
2019-05-21,LAA,MIN,MIN,3438,5405,1157
2019-05-21,SFG,ATL,ATL,3595,5131,1274
2019-05-21,CLE,OAK,OAK,4265,4493,1242
2019-05-21,NYM,WSN,NYM,4471,4319,1210
2019-05-21,CIN,MIL,CIN,4446,4262,1292
2019-05-21,SDP,ARI,ARI,3800,5038,1162
2019-05-21,TOR,BOS,BOS,3517,5285,1198
2019-05-21,PHI,CHC,CHC,4110,4793,1097
2019-05-21,SEA,TEX,TEX,3943,4988,1069
2019-05-21,PIT,COL,COL,3888,4861,1251
2019-05-21,DET,MIA,DET,4270,4231,1499
2019-05-22,CHW,HOU,HOU,2824,6154,1022
2019-05-22,TBR,LAD,LAD,4255,4468,1277
2019-05-22,BAL,NYY,NYY,2245,6581,1174
2019-05-22,SFG,ATL,ATL,3617,5059,1324
2019-05-22,CLE,OAK,OAK,4268,4571,1161
2019-05-22,NYM,WSN,NYM,4565,4147,1288
2019-05-22,KCR,STL,STL,3802,5024,1174
2019-05-22,KCR,STL,STL,3804,5062,1134
2019-05-22,CIN,MIL,CIN,4554,4150,1296
2019-05-22,SDP,ARI,ARI,3724,5092,1184
2019-05-22,TOR,BOS,BOS,3741,5046,1213
2019-05-22,PHI,CHC,CHC,4013,4826,1161
2019-05-22,SEA,TEX,TEX,3980,5011,1009
2019-05-22,PIT,COL,COL,3845,4890,1265
2019-05-22,DET,MIA,MIA,4162,4304,1534
2019-05-23,CHW,HOU,HOU,2963,6015,1022
2019-05-23,BAL,NYY,NYY,2196,6637,1167
2019-05-23,LAA,MIN,MIN,3361,5475,1164
2019-05-23,SFG,ATL,ATL,3540,5242,1218
2019-05-23,CLE,TBR,TBR,3537,5145,1318
2019-05-23,NYM,WSN,NYM,4690,3997,1313
2019-05-23,TOR,BOS,BOS,3701,5090,1209
2019-05-23,PHI,CHC,CHC,3930,4899,1171
2019-05-23,PIT,COL,COL,3626,5137,1237
2019-05-23,DET,MIA,MIA,4058,4466,1476
2019-05-24,BOS,HOU,HOU,3724,5166,1110
2019-05-24,PIT,LAD,LAD,3079,5769,1152
2019-05-24,CHW,MIN,MIN,3004,5915,1081
2019-05-24,STL,ATL,STL,4543,4264,1193
2019-05-24,SEA,OAK,OAK,3709,5193,1098
2019-05-24,CLE,TBR,TBR,3459,5224,1317
2019-05-24,MIA,WSN,WSN,3801,4894,1305
2019-05-24,PHI,MIL,PHI,4597,4187,1216
2019-05-24,DET,NYM,NYM,3186,5538,1276
2019-05-24,SFG,ARI,ARI,3575,5283,1142
2019-05-24,CIN,CHC,CHC,4020,4849,1131
2019-05-24,LAA,TEX,TEX,4141,4759,1100
2019-05-24,BAL,COL,COL,3213,5572,1215
2019-05-24,TOR,SDP,SDP,3903,4555,1542
2019-05-25,BOS,HOU,HOU,3801,5018,1181
2019-05-25,PIT,LAD,LAD,2933,5897,1170
2019-05-25,KCR,NYY,NYY,3110,5593,1297
2019-05-25,KCR,NYY,NYY,3111,5659,1230
2019-05-25,CHW,MIN,MIN,3021,5956,1023
2019-05-25,STL,ATL,STL,4389,4341,1270
2019-05-25,SEA,OAK,OAK,3679,5184,1137
2019-05-25,CLE,TBR,TBR,3567,5105,1328
2019-05-25,MIA,WSN,WSN,3695,5048,1257
2019-05-25,PHI,MIL,PHI,4662,4139,1199
2019-05-25,DET,NYM,NYM,3195,5536,1269
2019-05-25,SFG,ARI,ARI,3340,5619,1041
2019-05-25,CIN,CHC,CHC,3966,4889,1145
2019-05-25,LAA,TEX,TEX,4032,4845,1123
2019-05-25,BAL,COL,COL,3150,5671,1179
2019-05-25,TOR,SDP,SDP,3934,4574,1492
2019-05-26,BOS,HOU,HOU,3753,5125,1122
2019-05-26,PIT,LAD,LAD,2850,5978,1172
2019-05-26,KCR,NYY,NYY,3026,5722,1252
2019-05-26,CHW,MIN,MIN,2898,6063,1039
2019-05-26,STL,ATL,STL,4409,4282,1309
2019-05-26,SEA,OAK,OAK,3678,5191,1131
2019-05-26,CLE,TBR,TBR,3460,5252,1288
2019-05-26,MIA,WSN,WSN,3647,5100,1253
2019-05-26,PHI,MIL,PHI,4752,3990,1258
2019-05-26,DET,NYM,NYM,3218,5522,1260
2019-05-26,SFG,ARI,ARI,3159,5706,1135
2019-05-26,CIN,CHC,CHC,3877,4889,1234
2019-05-26,LAA,TEX,TEX,4138,4753,1109
2019-05-26,BAL,COL,COL,3197,5602,1201
2019-05-26,TOR,SDP,SDP,3723,4961,1316
2019-05-27,CHC,HOU,HOU,4069,4807,1124
2019-05-27,NYM,LAD,LAD,3446,5388,1166
2019-05-27,SDP,NYY,NYY,3370,5336,1294
2019-05-27,MIL,MIN,MIN,3428,5419,1153
2019-05-27,LAA,OAK,OAK,3837,4923,1240
2019-05-27,TOR,TBR,TBR,2830,5812,1358
2019-05-27,BOS,CLE,BOS,4888,3807,1305
2019-05-27,MIA,WSN,WSN,3611,5166,1223
2019-05-27,COL,ARI,ARI,3760,5156,1084
2019-05-27,SEA,TEX,TEX,4018,5000,982
2019-05-27,PIT,CIN,CIN,3241,5502,1257
2019-05-27,PIT,CIN,CIN,3365,5382,1253
2019-05-27,KCR,CHW,KCR,4546,4212,1242
2019-05-27,DET,BAL,BAL,4252,4401,1347
2019-05-28,CHC,HOU,HOU,4073,4805,1122
2019-05-28,NYM,LAD,LAD,3275,5540,1185
2019-05-28,SDP,NYY,NYY,3412,5319,1269
2019-05-28,MIL,MIN,MIN,3438,5484,1078
2019-05-28,WSN,ATL,ATL,3780,4902,1318
2019-05-28,LAA,OAK,OAK,3672,5104,1224
2019-05-28,TOR,TBR,TBR,2800,5866,1334
2019-05-28,BOS,CLE,BOS,4997,3764,1239
2019-05-28,PHI,STL,PHI,4516,4330,1154
2019-05-28,COL,ARI,ARI,3940,4965,1095
2019-05-28,SEA,TEX,TEX,4003,4948,1049
2019-05-28,MIA,SFG,SFG,4183,4526,1291
2019-05-28,PIT,CIN,CIN,3216,5582,1202
2019-05-28,KCR,CHW,KCR,4485,4263,1252
2019-05-28,DET,BAL,DET,4338,4315,1347
2019-05-29,CHC,HOU,HOU,3997,4834,1169
2019-05-29,NYM,LAD,LAD,3417,5398,1185
2019-05-29,SDP,NYY,NYY,3351,5409,1240
2019-05-29,WSN,ATL,ATL,3839,4859,1302
2019-05-29,LAA,OAK,OAK,3776,4977,1247
2019-05-29,TOR,TBR,TBR,2755,5944,1301
2019-05-29,BOS,CLE,BOS,4940,3760,1300
2019-05-29,PHI,STL,PHI,4544,4303,1153
2019-05-29,COL,ARI,ARI,4085,4772,1143
2019-05-29,SEA,TEX,TEX,3842,5102,1056
2019-05-29,MIA,SFG,MIA,4405,4351,1244
2019-05-29,PIT,CIN,CIN,3046,5728,1226
2019-05-29,KCR,CHW,KCR,4430,4331,1239
2019-05-29,DET,BAL,DET,4389,4251,1360
2019-05-30,NYM,LAD,LAD,3306,5434,1260
2019-05-30,TBR,MIN,MIN,4040,4775,1185
2019-05-30,CHW,CLE,CLE,3716,5007,1277
2019-05-30,PHI,STL,PHI,4601,4188,1211
2019-05-30,PIT,MIL,MIL,3533,5181,1286
2019-05-30,COL,ARI,ARI,3952,4972,1076
2019-05-30,KCR,TEX,TEX,3962,4950,1088
2019-05-30,MIA,SFG,MIA,4409,4312,1279
2019-05-30,SEA,LAA,LAA,3942,4844,1214
2019-05-31,OAK,HOU,HOU,3900,4947,1153
2019-05-31,PHI,LAD,LAD,3884,4932,1184
2019-05-31,BOS,NYY,NYY,3826,4839,1335
2019-05-31,TBR,MIN,MIN,4319,4603,1078
2019-05-31,DET,ATL,ATL,3034,5619,1347
2019-05-31,CHW,CLE,CLE,3941,4768,1291
2019-05-31,CIN,WSN,CIN,4956,3824,1220
2019-05-31,CHC,STL,CHC,4800,4044,1156
2019-05-31,PIT,MIL,MIL,3322,5351,1327
2019-05-31,ARI,NYM,ARI,4970,3805,1225
2019-05-31,KCR,TEX,TEX,3930,4955,1115
2019-05-31,BAL,SFG,SFG,4036,4612,1352
2019-05-31,SEA,LAA,LAA,3828,4988,1184
2019-05-31,TOR,COL,COL,3869,4860,1271
2019-05-31,MIA,SDP,SDP,3600,5058,1342
2019-06-01,OAK,HOU,HOU,3782,5084,1134
2019-06-01,PHI,LAD,LAD,3870,4882,1248
2019-06-01,BOS,NYY,NYY,3798,4919,1283
2019-06-01,TBR,MIN,MIN,4314,4565,1121
2019-06-01,DET,ATL,ATL,3250,5426,1324
2019-06-01,CHW,CLE,CLE,4054,4716,1230
2019-06-01,CIN,WSN,CIN,5078,3771,1151
2019-06-01,CHC,STL,CHC,4906,3950,1144
2019-06-01,PIT,MIL,MIL,3473,5197,1330
2019-06-01,ARI,NYM,ARI,4999,3845,1156
2019-06-01,KCR,TEX,TEX,3691,5186,1123
2019-06-01,BAL,SFG,SFG,4156,4532,1312
2019-06-01,SEA,LAA,LAA,3837,4907,1256
2019-06-01,TOR,COL,COL,3670,5094,1236
2019-06-01,MIA,SDP,SDP,3507,5167,1326
2019-06-02,OAK,HOU,HOU,3802,5028,1170
2019-06-02,PHI,LAD,LAD,3824,4948,1228
2019-06-02,BOS,NYY,NYY,3704,4969,1327
2019-06-02,TBR,MIN,MIN,4163,4697,1140
2019-06-02,DET,ATL,ATL,3177,5499,1324
2019-06-02,CHW,CLE,CLE,4033,4684,1283
2019-06-02,CIN,WSN,CIN,5038,3809,1153
2019-06-02,CHC,STL,CHC,4648,4161,1191
2019-06-02,PIT,MIL,MIL,3476,5376,1148
2019-06-02,ARI,NYM,ARI,4868,3838,1294
2019-06-02,KCR,TEX,TEX,3768,5118,1114
2019-06-02,BAL,SFG,SFG,4075,4630,1295
2019-06-02,SEA,LAA,LAA,3811,4956,1233
2019-06-02,TOR,COL,COL,3637,5242,1121
2019-06-02,MIA,SDP,SDP,3560,5115,1325
2019-06-03,SEA,HOU,HOU,2822,6051,1127
2019-06-03,ARI,LAD,LAD,4048,4812,1140
2019-06-03,LAA,CHC,CHC,4031,4747,1222
2019-06-03,SDP,PHI,PHI,3927,4837,1236
2019-06-04,SEA,HOU,HOU,2930,6008,1062
2019-06-04,ARI,LAD,LAD,4017,4818,1165
2019-06-04,TOR,NYY,NYY,2652,6055,1293
2019-06-04,CLE,MIN,MIN,3301,5593,1106
2019-06-04,PIT,ATL,ATL,3596,5137,1267
2019-06-04,LAA,OAK,OAK,4103,4658,1239
2019-06-04,DET,TBR,TBR,2335,6465,1200
2019-06-04,CHW,WSN,WSN,4192,4586,1222
2019-06-04,CIN,STL,CIN,4576,4203,1221
2019-06-04,MIA,MIL,MIL,3311,5484,1205
2019-06-04,SFG,NYM,NYM,3742,4980,1278
2019-06-04,KCR,BOS,BOS,3668,5166,1166
2019-06-04,COL,CHC,CHC,4041,4778,1181
2019-06-04,SDP,PHI,PHI,4061,4744,1195
2019-06-04,BAL,TEX,TEX,3095,5787,1118
2019-06-05,SEA,HOU,HOU,2874,6108,1018
2019-06-05,ARI,LAD,LAD,3757,5070,1173
2019-06-05,TOR,NYY,NYY,2819,5916,1265
2019-06-05,CLE,MIN,MIN,3368,5552,1080
2019-06-05,PIT,ATL,ATL,3339,5382,1279
2019-06-05,LAA,OAK,OAK,4139,4670,1191
2019-06-05,DET,TBR,TBR,2419,6407,1174
2019-06-05,CHW,WSN,WSN,4066,4736,1198
2019-06-05,MIA,MIL,MIL,3773,5062,1165
2019-06-05,SFG,NYM,NYM,3831,4861,1308
2019-06-05,KCR,BOS,BOS,3440,5440,1120
2019-06-05,COL,CHC,CHC,3867,4986,1147
2019-06-05,SDP,PHI,PHI,3900,4872,1228
2019-06-05,BAL,TEX,TEX,3168,5764,1068
2019-06-06,SEA,HOU,HOU,3060,5886,1054
2019-06-06,TOR,NYY,NYY,2875,5867,1258
2019-06-06,CLE,MIN,MIN,3395,5552,1053
2019-06-06,PIT,ATL,ATL,3506,5184,1310
2019-06-06,LAA,OAK,OAK,4164,4617,1219
2019-06-06,DET,TBR,TBR,2362,6392,1246
2019-06-06,SDP,WSN,WSN,4308,4459,1233
2019-06-06,CIN,STL,CIN,4699,4110,1191
2019-06-06,MIA,MIL,MIL,3992,4857,1151
2019-06-06,SFG,NYM,NYM,3669,5023,1308
2019-06-06,KCR,BOS,BOS,3330,5548,1122
2019-06-06,COL,CHC,CHC,3932,4864,1204
2019-06-06,BAL,TEX,TEX,3127,5822,1051
2019-06-07,BAL,HOU,HOU,2423,6531,1046
2019-06-07,SFG,LAD,LAD,2638,6289,1073
2019-06-07,CLE,NYY,NYY,3457,5185,1358
2019-06-07,DET,MIN,MIN,2492,6542,966
2019-06-07,MIA,ATL,ATL,3705,4999,1296
2019-06-07,TEX,OAK,tie,4381,4381,1238
2019-06-07,BOS,TBR,TBR,3906,4876,1218
2019-06-07,SDP,WSN,WSN,4194,4518,1288
2019-06-07,CHC,STL,CHC,4807,4020,1173
2019-06-07,PIT,MIL,MIL,3685,5134,1181
2019-06-07,COL,NYM,COL,4656,4141,1203
2019-06-07,TOR,ARI,ARI,3481,5421,1098
2019-06-07,CIN,PHI,CIN,4568,4166,1266
2019-06-07,KCR,CHW,CHW,4139,4568,1293
2019-06-07,SEA,LAA,LAA,3870,4954,1176
2019-06-08,BAL,HOU,HOU,2543,6403,1054
2019-06-08,SFG,LAD,LAD,2716,6150,1134
2019-06-08,CLE,NYY,NYY,3496,5173,1331
2019-06-08,DET,MIN,MIN,2568,6417,1015
2019-06-08,MIA,ATL,ATL,3578,5172,1250
2019-06-08,TEX,OAK,OAK,4356,4434,1210
2019-06-08,TEX,OAK,TEX,4398,4378,1224
2019-06-08,BOS,TBR,TBR,3848,4815,1337
2019-06-08,BOS,TBR,TBR,3979,4761,1260
2019-06-08,SDP,WSN,WSN,4264,4495,1241
2019-06-08,CHC,STL,CHC,4848,3950,1202
2019-06-08,PIT,MIL,MIL,3638,5195,1167
2019-06-08,COL,NYM,COL,4780,3991,1229
2019-06-08,TOR,ARI,ARI,3496,5375,1129
2019-06-08,CIN,PHI,CIN,4579,4220,1201
2019-06-08,KCR,CHW,CHW,4323,4431,1246
2019-06-08,SEA,LAA,LAA,3908,4902,1190
2019-06-09,BAL,HOU,HOU,2486,6461,1053
2019-06-09,SFG,LAD,LAD,2679,6225,1096
2019-06-09,CLE,NYY,NYY,3541,5101,1358
2019-06-09,DET,MIN,MIN,2593,6308,1099
2019-06-09,MIA,ATL,ATL,3565,5257,1178
2019-06-09,TEX,OAK,TEX,4482,4275,1243
2019-06-09,BOS,TBR,TBR,3803,4892,1305
2019-06-09,SDP,WSN,WSN,4234,4482,1284
2019-06-09,CHC,STL,CHC,4808,4090,1102
2019-06-09,PIT,MIL,MIL,3611,5244,1145
2019-06-09,COL,NYM,COL,4601,4096,1303
2019-06-09,TOR,ARI,ARI,3363,5560,1077
2019-06-09,CIN,PHI,CIN,4395,4351,1254
2019-06-09,KCR,CHW,CHW,4156,4585,1259
2019-06-09,SEA,LAA,LAA,3825,4958,1217
2019-06-10,LAA,LAD,LAD,3378,5443,1179
2019-06-10,PIT,ATL,ATL,3503,5194,1303
2019-06-10,TBR,OAK,TBR,5056,3699,1245
2019-06-10,CHW,WSN,WSN,4020,4743,1237
2019-06-10,MIA,STL,STL,3799,5067,1134
2019-06-10,PHI,ARI,ARI,4177,4651,1172
2019-06-10,TEX,BOS,BOS,4369,4463,1168
2019-06-10,COL,CHC,CHC,3941,4887,1172
2019-06-11,MIL,HOU,HOU,3759,5069,1172
2019-06-11,LAA,LAD,LAD,3353,5415,1232
2019-06-11,NYM,NYY,NYY,3367,5170,1463
2019-06-11,NYM,NYY,NYY,3416,5163,1421
2019-06-11,SEA,MIN,MIN,3116,5856,1028
2019-06-11,PIT,ATL,ATL,3468,5262,1270
2019-06-11,TBR,OAK,TBR,5157,3627,1216
2019-06-11,CIN,CLE,CIN,4836,3953,1211
2019-06-11,CHW,WSN,WSN,3724,4949,1327
2019-06-11,MIA,STL,STL,3708,5083,1209
2019-06-11,PHI,ARI,ARI,4029,4799,1172
2019-06-11,TEX,BOS,TEX,4424,4391,1185
2019-06-11,COL,CHC,CHC,3959,4880,1161
2019-06-11,SDP,SFG,SDP,4931,3798,1271
2019-06-11,BAL,TOR,TOR,3993,4758,1249
2019-06-11,DET,KCR,KCR,4016,4661,1323
2019-06-12,MIL,HOU,HOU,3674,5127,1199
2019-06-12,SEA,MIN,MIN,2978,5970,1052
2019-06-12,PIT,ATL,ATL,3331,5459,1210
2019-06-12,TBR,OAK,TBR,5127,3616,1257
2019-06-12,CIN,CLE,CIN,4751,4007,1242
2019-06-12,MIA,STL,STL,3564,5292,1144
2019-06-12,PHI,ARI,ARI,4133,4716,1151
2019-06-12,TEX,BOS,TEX,4531,4257,1212
2019-06-12,COL,CHC,CHC,4024,4790,1186
2019-06-12,SDP,SFG,SDP,4871,3763,1366
2019-06-12,BAL,TOR,TOR,3938,4720,1342
2019-06-12,DET,KCR,KCR,3900,4793,1307
2019-06-13,CHC,LAD,LAD,4082,4705,1213
2019-06-13,CHW,NYY,NYY,3033,5630,1337
2019-06-13,SEA,MIN,MIN,3105,5819,1076
2019-06-13,PIT,ATL,ATL,3311,5416,1273
2019-06-13,LAA,TBR,TBR,3472,5211,1317
2019-06-13,ARI,WSN,ARI,4965,3823,1212
2019-06-13,NYM,STL,STL,4227,4479,1294
2019-06-13,TEX,BOS,BOS,4406,4450,1144
2019-06-13,SDP,COL,COL,4007,4782,1211
2019-06-13,BAL,TOR,TOR,3947,4736,1317
2019-06-13,DET,KCR,KCR,3748,4889,1363
2019-06-14,TOR,HOU,HOU,2999,5821,1180
2019-06-14,CHC,LAD,LAD,4029,4753,1218
2019-06-14,CHW,NYY,NYY,3096,5523,1381
2019-06-14,KCR,MIN,MIN,2949,5964,1087
2019-06-14,PHI,ATL,ATL,4256,4499,1245
2019-06-14,SEA,OAK,OAK,3588,5158,1254
2019-06-14,LAA,TBR,TBR,3502,5177,1321
2019-06-14,DET,CLE,CLE,3252,5438,1310
2019-06-14,ARI,WSN,ARI,5001,3781,1218
2019-06-14,NYM,STL,STL,4165,4546,1289
2019-06-14,SFG,MIL,MIL,3595,5210,1195
2019-06-14,BAL,BOS,BOS,2967,5882,1151
2019-06-14,CIN,TEX,TEX,4387,4484,1129
2019-06-14,SDP,COL,COL,3960,4831,1209
2019-06-14,MIA,PIT,MIA,4614,4220,1166
2019-06-15,TOR,HOU,HOU,2881,6073,1046
2019-06-15,CHC,LAD,LAD,4003,4773,1224
2019-06-15,CHW,NYY,NYY,3413,5318,1269
2019-06-15,KCR,MIN,MIN,2930,6000,1070
2019-06-15,PHI,ATL,ATL,4319,4457,1224
2019-06-15,SEA,OAK,OAK,3765,5008,1227
2019-06-15,LAA,TBR,TBR,3264,5363,1373
2019-06-15,DET,CLE,CLE,3100,5676,1224
2019-06-15,ARI,WSN,ARI,4853,4018,1129
2019-06-15,NYM,STL,STL,4067,4628,1305
2019-06-15,SFG,MIL,MIL,3560,5193,1247
2019-06-15,BAL,BOS,BOS,2792,6100,1108
2019-06-15,CIN,TEX,CIN,4459,4435,1106
2019-06-15,SDP,COL,COL,4072,4757,1171
2019-06-15,MIA,PIT,PIT,4382,4442,1176
2019-06-16,TOR,HOU,HOU,2846,6072,1082
2019-06-16,CHC,LAD,LAD,3930,4857,1213
2019-06-16,CHW,NYY,NYY,3249,5457,1294
2019-06-16,KCR,MIN,MIN,2936,5997,1067
2019-06-16,PHI,ATL,ATL,4265,4462,1273
2019-06-16,SEA,OAK,OAK,3578,5312,1110
2019-06-16,LAA,TBR,TBR,3452,5215,1333
2019-06-16,DET,CLE,CLE,3161,5583,1256
2019-06-16,ARI,WSN,ARI,4994,3837,1169
2019-06-16,NYM,STL,STL,4077,4685,1238
2019-06-16,SFG,MIL,MIL,3550,5185,1265
2019-06-16,BAL,BOS,BOS,2792,6010,1198
2019-06-16,CIN,TEX,TEX,4346,4506,1148
2019-06-16,SDP,COL,COL,3970,4873,1157
2019-06-16,MIA,PIT,MIA,4434,4320,1246
2019-06-17,CIN,HOU,HOU,3989,4885,1126
2019-06-17,SFG,LAD,LAD,2777,6097,1126
2019-06-17,TBR,NYY,TBR,4578,4047,1375
2019-06-17,BOS,MIN,MIN,3909,4962,1129
2019-06-17,NYM,ATL,ATL,3801,4920,1279
2019-06-17,BAL,OAK,OAK,2824,5973,1203
2019-06-17,TEX,CLE,TEX,4552,4222,1226
2019-06-17,MIA,STL,STL,3654,5192,1154
2019-06-17,SDP,MIL,MIL,3917,4879,1204
2019-06-17,TOR,LAA,LAA,3679,5026,1295
2019-06-17,KCR,SEA,SEA,4426,4489,1085
2019-06-18,CIN,HOU,HOU,3941,4911,1148
2019-06-18,SFG,LAD,LAD,2824,6028,1148
2019-06-18,TBR,NYY,TBR,4438,4251,1311
2019-06-18,BOS,MIN,MIN,3945,4938,1117
2019-06-18,NYM,ATL,ATL,3635,5108,1257
2019-06-18,BAL,OAK,OAK,2874,5939,1187
2019-06-18,TEX,CLE,TEX,4697,4070,1233
2019-06-18,MIA,STL,STL,3558,5315,1127
2019-06-18,SDP,MIL,MIL,4006,4785,1209
2019-06-18,COL,ARI,ARI,4157,4705,1138
2019-06-18,CHW,CHC,CHC,3465,5418,1117
2019-06-18,TOR,LAA,LAA,3596,5180,1224
2019-06-18,DET,PIT,PIT,3797,4886,1317
2019-06-18,KCR,SEA,SEA,4316,4515,1169
2019-06-19,CIN,HOU,HOU,3985,4866,1149
2019-06-19,SFG,LAD,LAD,2670,6082,1248
2019-06-19,TBR,NYY,TBR,4455,4237,1308
2019-06-19,BOS,MIN,MIN,3858,5002,1140
2019-06-19,NYM,ATL,ATL,3895,4848,1257
2019-06-19,BAL,OAK,OAK,2785,6106,1109
2019-06-19,TEX,CLE,TEX,4584,4157,1259
2019-06-19,PHI,WSN,WSN,4414,4419,1167
2019-06-19,PHI,WSN,PHI,4507,4312,1181
2019-06-19,MIA,STL,STL,3668,5170,1162
2019-06-19,SDP,MIL,MIL,4086,4711,1203
2019-06-19,COL,ARI,ARI,4283,4682,1035
2019-06-19,CHW,CHC,CHC,3368,5467,1165
2019-06-19,TOR,LAA,LAA,3509,5236,1255
2019-06-19,DET,PIT,PIT,3818,4859,1323
2019-06-19,KCR,SEA,KCR,4573,4284,1143
2019-06-20,NYY,HOU,HOU,4315,4531,1154
2019-06-20,SFG,LAD,LAD,2631,6295,1074
2019-06-20,KCR,MIN,MIN,3128,5788,1084
2019-06-20,TBR,OAK,TBR,4653,4110,1237
2019-06-20,TEX,CLE,TEX,4526,4297,1177
2019-06-20,PHI,WSN,WSN,4331,4437,1232
2019-06-20,MIA,STL,STL,3753,5067,1180
2019-06-20,CIN,MIL,CIN,4716,4068,1216
2019-06-20,CHC,NYM,CHC,5151,3577,1272
2019-06-20,COL,ARI,ARI,4287,4565,1148
2019-06-20,TOR,LAA,LAA,3637,5140,1223
2019-06-20,BAL,SEA,SEA,3708,5198,1094
2019-06-21,NYY,HOU,HOU,4395,4448,1157
2019-06-21,COL,LAD,LAD,3592,5165,1243
2019-06-21,KCR,MIN,MIN,3079,5841,1080
2019-06-21,WSN,ATL,ATL,4082,4746,1172
2019-06-21,TBR,OAK,TBR,4616,4165,1219
2019-06-21,DET,CLE,CLE,3022,5689,1289
2019-06-21,LAA,STL,STL,4374,4394,1232
2019-06-21,CIN,MIL,CIN,4735,4083,1182
2019-06-21,CHC,NYM,CHC,5210,3499,1291
2019-06-21,SFG,ARI,ARI,3335,5521,1144
2019-06-21,TOR,BOS,BOS,3345,5519,1136
2019-06-21,MIA,PHI,PHI,3771,5060,1169
2019-06-21,CHW,TEX,TEX,3789,5091,1120
2019-06-21,PIT,SDP,SDP,3999,4757,1244
2019-06-21,BAL,SEA,SEA,3641,5239,1120
2019-06-22,NYY,HOU,NYY,4426,4385,1189
2019-06-22,COL,LAD,LAD,3561,5254,1185
2019-06-22,KCR,MIN,MIN,3103,5763,1134
2019-06-22,WSN,ATL,ATL,4173,4627,1200
2019-06-22,TBR,OAK,TBR,4671,4103,1226
2019-06-22,DET,CLE,CLE,3097,5636,1267
2019-06-22,LAA,STL,STL,4320,4454,1226
2019-06-22,CIN,MIL,CIN,4887,3945,1168
2019-06-22,CHC,NYM,CHC,5145,3572,1283
2019-06-22,SFG,ARI,ARI,3418,5483,1099
2019-06-22,TOR,BOS,BOS,3334,5487,1179
2019-06-22,MIA,PHI,PHI,3914,4858,1228
2019-06-22,CHW,TEX,TEX,3754,5080,1166
2019-06-22,PIT,SDP,SDP,3989,4755,1256
2019-06-22,BAL,SEA,SEA,3592,5321,1087
2019-06-23,NYY,HOU,NYY,4458,4348,1194
2019-06-23,COL,LAD,LAD,3606,5211,1183
2019-06-23,KCR,MIN,MIN,3143,5737,1120
2019-06-23,WSN,ATL,ATL,3959,4856,1185
2019-06-23,TBR,OAK,TBR,4739,4009,1252
2019-06-23,DET,CLE,CLE,2926,5808,1266
2019-06-23,LAA,STL,STL,4248,4479,1273
2019-06-23,CIN,MIL,CIN,4818,4023,1159
2019-06-23,CHC,NYM,CHC,5034,3644,1322
2019-06-23,SFG,ARI,ARI,3569,5360,1071
2019-06-23,TOR,BOS,BOS,3281,5562,1157
2019-06-23,MIA,PHI,PHI,3898,4940,1162
2019-06-23,CHW,TEX,TEX,3728,5029,1243
2019-06-23,PIT,SDP,SDP,4095,4639,1266
2019-06-23,BAL,SEA,SEA,3734,5154,1112
2019-06-24,ARI,LAD,LAD,3674,5117,1209
2019-06-24,TOR,NYY,NYY,2775,5939,1286
2019-06-24,CHC,ATL,CHC,4424,4301,1275
2019-06-24,KCR,CLE,CLE,3695,5031,1274
2019-06-24,PHI,NYM,PHI,4484,4293,1223
2019-06-24,CHW,BOS,BOS,3499,5321,1180
2019-06-24,COL,SFG,COL,5143,3652,1205
2019-06-25,PIT,HOU,HOU,3249,5626,1125
2019-06-25,ARI,LAD,LAD,3856,4950,1194
2019-06-25,TOR,NYY,NYY,2924,5837,1239
2019-06-25,TBR,MIN,MIN,4168,4642,1190
2019-06-25,CHC,ATL,CHC,4515,4286,1199
2019-06-25,STL,OAK,OAK,4267,4554,1179
2019-06-25,KCR,CLE,CLE,3748,5014,1238
2019-06-25,MIA,WSN,WSN,3881,4969,1150
2019-06-25,SEA,MIL,MIL,3917,4895,1188
2019-06-25,PHI,NYM,PHI,4439,4247,1314
2019-06-25,CHW,BOS,BOS,3487,5325,1188
2019-06-25,DET,TEX,TEX,3096,5748,1156
2019-06-25,COL,SFG,COL,5366,3480,1154
2019-06-25,LAA,CIN,CIN,3966,4755,1279
2019-06-25,BAL,SDP,SDP,3262,5572,1166
2019-06-26,PIT,HOU,HOU,3177,5669,1154
2019-06-26,ARI,LAD,LAD,3724,5093,1183
2019-06-26,TOR,NYY,NYY,2855,5865,1280
2019-06-26,TBR,MIN,MIN,4219,4622,1159
2019-06-26,CHC,ATL,CHC,4567,4251,1182
2019-06-26,STL,OAK,OAK,4176,4618,1206
2019-06-26,KCR,CLE,CLE,3764,4973,1263
2019-06-26,MIA,WSN,WSN,3752,5077,1171
2019-06-26,SEA,MIL,MIL,4005,4789,1206
2019-06-26,PHI,NYM,PHI,4615,4164,1221
2019-06-26,CHW,BOS,BOS,3383,5397,1220
2019-06-26,DET,TEX,TEX,3010,5851,1139
2019-06-26,COL,SFG,COL,5233,3563,1204
2019-06-26,LAA,CIN,CIN,4016,4692,1292
2019-06-26,BAL,SDP,SDP,3218,5609,1173
2019-06-27,PIT,HOU,HOU,3354,5568,1078
2019-06-27,COL,LAD,LAD,3583,5190,1227
2019-06-27,TBR,MIN,MIN,4111,4682,1207
2019-06-27,CHC,ATL,CHC,4425,4398,1177
2019-06-27,LAA,OAK,OAK,4066,4715,1219
2019-06-27,MIA,WSN,WSN,3786,5079,1135
2019-06-27,SEA,MIL,MIL,4103,4725,1172
2019-06-27,PHI,NYM,PHI,4521,4260,1219
2019-06-27,SFG,ARI,ARI,3396,5470,1134
2019-06-27,DET,TEX,TEX,2942,5866,1192
2019-06-28,SEA,HOU,HOU,3506,5379,1115
2019-06-28,COL,LAD,LAD,3604,5212,1184
2019-06-28,CHW,MIN,MIN,3137,5705,1158
2019-06-28,NYM,ATL,ATL,3855,4920,1225
2019-06-28,LAA,OAK,OAK,4150,4542,1308
2019-06-28,TEX,TBR,TBR,4028,4661,1311
2019-06-28,BAL,CLE,CLE,2767,6083,1150
2019-06-28,DET,WSN,WSN,3064,5767,1169
2019-06-28,SDP,STL,STL,4154,4676,1170
2019-06-28,PIT,MIL,MIL,3909,4784,1307
2019-06-28,SFG,ARI,ARI,3379,5444,1177
2019-06-28,CIN,CHC,CHC,4306,4519,1175
2019-06-28,MIA,PHI,PHI,3720,5056,1224
2019-06-28,KCR,TOR,KCR,4524,4197,1279
2019-06-29,SEA,HOU,HOU,3568,5320,1112
2019-06-29,COL,LAD,LAD,3678,5151,1171
2019-06-29,BOS,NYY,NYY,3984,4696,1320
2019-06-29,CHW,MIN,MIN,3202,5719,1079
2019-06-29,NYM,ATL,ATL,3651,5069,1280
2019-06-29,LAA,OAK,OAK,4220,4585,1195
2019-06-29,TEX,TBR,TBR,4056,4611,1333
2019-06-29,BAL,CLE,CLE,3016,5824,1160
2019-06-29,DET,WSN,WSN,2987,5764,1249
2019-06-29,SDP,STL,STL,4201,4623,1176
2019-06-29,PIT,MIL,MIL,3952,4819,1229
2019-06-29,SFG,ARI,ARI,3407,5477,1116
2019-06-29,CIN,CHC,CHC,4256,4566,1178
2019-06-29,MIA,PHI,PHI,3835,5003,1162
2019-06-29,KCR,TOR,KCR,4509,4237,1254
2019-06-30,SEA,HOU,HOU,3522,5348,1130
2019-06-30,COL,LAD,LAD,3738,5082,1180
2019-06-30,BOS,NYY,NYY,3966,4839,1195
2019-06-30,CHW,MIN,MIN,3053,5786,1161
2019-06-30,NYM,ATL,ATL,3794,4945,1261
2019-06-30,LAA,OAK,OAK,4063,4659,1278
2019-06-30,TEX,TBR,TBR,4050,4597,1353
2019-06-30,BAL,CLE,CLE,3197,5660,1143
2019-06-30,DET,WSN,WSN,3025,5743,1232
2019-06-30,SDP,STL,STL,4339,4430,1231
2019-06-30,PIT,MIL,MIL,3909,4806,1285
2019-06-30,SFG,ARI,ARI,3460,5378,1162
2019-06-30,CIN,CHC,CHC,4142,4598,1260
2019-06-30,MIA,PHI,PHI,3886,4905,1209
2019-06-30,KCR,TOR,KCR,4495,4275,1230
2019-07-01,BAL,TBR,TBR,2416,6373,1211
2019-07-01,CIN,MIL,CIN,4666,4120,1214
2019-07-01,PIT,CHC,CHC,3529,5267,1204
2019-07-01,SDP,SFG,SDP,4879,3869,1252
2019-07-01,KCR,TOR,KCR,4524,4164,1312
2019-07-02,COL,HOU,HOU,4037,4876,1087
2019-07-02,ARI,LAD,LAD,3768,5016,1216
2019-07-02,NYM,NYY,NYY,3258,5471,1271
2019-07-02,OAK,MIN,MIN,4052,4799,1149
2019-07-02,PHI,ATL,ATL,4039,4704,1257
2019-07-02,BAL,TBR,TBR,2419,6324,1257
2019-07-02,KCR,CLE,CLE,3854,4924,1222
2019-07-02,MIA,WSN,WSN,3747,5091,1162
2019-07-02,SEA,STL,STL,3898,4860,1242
2019-07-02,CIN,MIL,CIN,4621,4129,1250
2019-07-02,TOR,BOS,BOS,3481,5366,1153
2019-07-02,PIT,CHC,CHC,3740,5052,1208
2019-07-02,LAA,TEX,TEX,4097,4668,1235
2019-07-02,SDP,SFG,SDP,4790,4030,1180
2019-07-03,COL,HOU,HOU,4062,4843,1095
2019-07-03,ARI,LAD,LAD,3845,4964,1191
2019-07-03,NYM,NYY,NYY,3376,5449,1175
2019-07-03,OAK,MIN,MIN,4010,4804,1186
2019-07-03,PHI,ATL,ATL,4111,4694,1195
2019-07-03,BAL,TBR,TBR,2334,6502,1164
2019-07-03,KCR,CLE,CLE,3821,4951,1228
2019-07-03,MIA,WSN,WSN,3681,5085,1234
2019-07-03,SEA,STL,STL,4013,4782,1205
2019-07-03,CIN,MIL,CIN,4634,4079,1287
2019-07-03,TOR,BOS,BOS,3490,5325,1185
2019-07-03,PIT,CHC,CHC,3824,4988,1188
2019-07-03,LAA,TEX,TEX,4192,4645,1163
2019-07-03,SDP,SFG,SDP,4673,4115,1212
2019-07-03,DET,CHW,CHW,3621,5034,1345
2019-07-03,DET,CHW,CHW,3571,5054,1375
2019-07-04,SDP,LAD,LAD,3263,5524,1213
2019-07-04,TBR,NYY,NYY,4166,4549,1285
2019-07-04,OAK,MIN,MIN,4052,4791,1157
2019-07-04,PHI,ATL,ATL,4026,4767,1207
2019-07-04,KCR,CLE,CLE,3767,4971,1262
2019-07-04,MIA,WSN,WSN,3716,5080,1204
2019-07-04,SEA,STL,STL,3966,4738,1296
2019-07-04,CIN,MIL,CIN,4729,4076,1195
2019-07-04,TOR,BOS,BOS,3531,5239,1230
2019-07-04,PIT,CHC,CHC,3883,4956,1161
2019-07-04,LAA,TEX,TEX,4199,4557,1244
2019-07-04,DET,CHW,CHW,3561,5115,1324
2019-07-05,LAA,HOU,HOU,3908,4971,1121
2019-07-05,SDP,LAD,LAD,3165,5657,1178
2019-07-05,TBR,NYY,NYY,4028,4630,1342
2019-07-05,TEX,MIN,MIN,4006,4870,1124
2019-07-05,MIA,ATL,ATL,3384,5436,1180
2019-07-05,SEA,OAK,OAK,3528,5330,1142
2019-07-05,KCR,WSN,WSN,3560,5191,1249
2019-07-05,SFG,STL,STL,3853,4909,1238
2019-07-05,PIT,MIL,MIL,4150,4596,1254
2019-07-05,PHI,NYM,PHI,4629,4089,1282
2019-07-05,COL,ARI,ARI,4253,4569,1178
2019-07-05,DET,BOS,BOS,2933,5876,1191
2019-07-05,BAL,TOR,TOR,3774,5034,1192
2019-07-06,LAA,HOU,HOU,3872,4923,1205
2019-07-06,SDP,LAD,LAD,3254,5546,1200
2019-07-06,TBR,NYY,NYY,4083,4614,1303
2019-07-06,TEX,MIN,MIN,3810,5060,1130
2019-07-06,MIA,ATL,ATL,3413,5409,1178
2019-07-06,SEA,OAK,OAK,3474,5298,1228
2019-07-06,CIN,CLE,CIN,4634,4124,1242
2019-07-06,KCR,WSN,WSN,3665,5079,1256
2019-07-06,SFG,STL,STL,3748,5007,1245
2019-07-06,PIT,MIL,MIL,4081,4690,1229
2019-07-06,PHI,NYM,PHI,4638,4101,1261
2019-07-06,COL,ARI,ARI,4151,4686,1163
2019-07-06,DET,BOS,BOS,3050,5817,1133
2019-07-06,CHW,CHC,CHC,3482,5295,1223
2019-07-06,BAL,TOR,TOR,3739,4973,1288
2019-07-07,LAA,HOU,HOU,3718,5109,1173
2019-07-07,SDP,LAD,LAD,3372,5494,1134
2019-07-07,TBR,NYY,NYY,4154,4546,1300
2019-07-07,TEX,MIN,MIN,3734,5085,1181
2019-07-07,MIA,ATL,ATL,3475,5341,1184
2019-07-07,SEA,OAK,OAK,3518,5308,1174
2019-07-07,CIN,CLE,CIN,4441,4322,1237
2019-07-07,KCR,WSN,WSN,3628,5133,1239
2019-07-07,SFG,STL,STL,3771,4958,1271
2019-07-07,PIT,MIL,MIL,4335,4460,1205
2019-07-07,PHI,NYM,PHI,4572,4109,1319
2019-07-07,COL,ARI,ARI,4141,4706,1153
2019-07-07,DET,BOS,BOS,2908,5973,1119
2019-07-07,CHW,CHC,CHC,3460,5316,1224
2019-07-07,BAL,TOR,TOR,3837,4919,1244
2019-07-11,TEX,HOU,HOU,3989,4848,1163
2019-07-12,TEX,HOU,HOU,4054,4806,1140
2019-07-12,BOS,LAD,LAD,3941,4815,1244
2019-07-12,TOR,NYY,NYY,2972,5827,1201
2019-07-12,CLE,MIN,MIN,3858,5013,1129
2019-07-12,SDP,ATL,ATL,3744,5050,1206
2019-07-12,CHW,OAK,OAK,3390,5371,1239
2019-07-12,BAL,TBR,TBR,2503,6246,1251
2019-07-12,PHI,WSN,WSN,4147,4647,1206
2019-07-12,ARI,STL,ARI,4709,4027,1264
2019-07-12,SFG,MIL,MIL,4054,4706,1240
2019-07-12,MIA,NYM,NYM,3978,4749,1273
2019-07-12,PIT,CHC,CHC,3811,4963,1226
2019-07-12,COL,CIN,CIN,4141,4633,1226
2019-07-12,SEA,LAA,LAA,3965,4846,1189
2019-07-12,DET,KCR,KCR,3699,4951,1350
2019-07-13,TEX,HOU,HOU,4054,4790,1156
2019-07-13,BOS,LAD,LAD,3954,4783,1263
2019-07-13,TOR,NYY,NYY,3020,5812,1168
2019-07-13,CLE,MIN,MIN,3819,4981,1200
2019-07-13,SDP,ATL,ATL,3746,5058,1196
2019-07-13,CHW,OAK,OAK,3366,5420,1214
2019-07-13,BAL,TBR,TBR,2513,6357,1130
2019-07-13,BAL,TBR,TBR,2530,6286,1184
2019-07-13,PHI,WSN,WSN,4160,4650,1190
2019-07-13,ARI,STL,ARI,4728,3992,1280
2019-07-13,SFG,MIL,MIL,4100,4708,1192
2019-07-13,MIA,NYM,NYM,4055,4601,1344
2019-07-13,PIT,CHC,CHC,3770,5007,1223
2019-07-13,COL,CIN,CIN,4235,4574,1191
2019-07-13,SEA,LAA,LAA,3794,4981,1225
2019-07-13,DET,KCR,KCR,3745,4905,1350
2019-07-14,TEX,HOU,HOU,4105,4814,1081
2019-07-14,BOS,LAD,LAD,3912,4865,1223
2019-07-14,TOR,NYY,NYY,3081,5736,1183
2019-07-14,CLE,MIN,MIN,3761,5115,1124
2019-07-14,SDP,ATL,ATL,3620,5112,1268
2019-07-14,CHW,OAK,OAK,3186,5629,1185
2019-07-14,BAL,TBR,TBR,2531,6327,1142
2019-07-14,PHI,WSN,WSN,4173,4640,1187
2019-07-14,ARI,STL,ARI,4661,4116,1223
2019-07-14,SFG,MIL,MIL,3987,4791,1222
2019-07-14,MIA,NYM,NYM,4111,4532,1357
2019-07-14,PIT,CHC,CHC,3776,5039,1185
2019-07-14,COL,CIN,CIN,4141,4706,1153
2019-07-14,SEA,LAA,LAA,3784,5028,1188
2019-07-14,DET,KCR,KCR,3641,4996,1363
2019-07-15,LAA,HOU,HOU,3933,4920,1147
2019-07-15,PHI,LAD,LAD,3515,5259,1226
2019-07-15,TBR,NYY,NYY,4302,4425,1273
2019-07-15,MIL,ATL,ATL,3776,4970,1254
2019-07-15,DET,CLE,CLE,3102,5723,1175
2019-07-15,PIT,STL,STL,4035,4675,1290
2019-07-15,TOR,BOS,BOS,3554,5273,1173
2019-07-15,CIN,CHC,CHC,4203,4623,1174
2019-07-15,COL,SFG,COL,4800,4035,1165
2019-07-15,COL,SFG,COL,4854,3966,1180
2019-07-15,KCR,CHW,KCR,4438,4277,1285
2019-07-16,LAA,HOU,HOU,4065,4829,1106
2019-07-16,PHI,LAD,LAD,3476,5359,1165
2019-07-16,TBR,NYY,NYY,4221,4510,1269
2019-07-16,NYM,MIN,MIN,3404,5384,1212
2019-07-16,MIL,ATL,ATL,3778,4994,1228
2019-07-16,SEA,OAK,OAK,3333,5547,1120
2019-07-16,DET,CLE,CLE,3134,5630,1236
2019-07-16,BAL,WSN,WSN,2970,5832,1198
2019-07-16,PIT,STL,STL,3893,4827,1280
2019-07-16,TEX,ARI,ARI,4157,4612,1231
2019-07-16,TOR,BOS,BOS,3538,5341,1121
2019-07-16,CIN,CHC,CHC,4273,4532,1195
2019-07-16,COL,SFG,COL,4653,4260,1087
2019-07-16,KCR,CHW,KCR,4408,4272,1320
2019-07-16,MIA,SDP,SDP,4113,4626,1261
2019-07-17,LAA,HOU,HOU,4074,4733,1193
2019-07-17,PHI,LAD,LAD,3440,5425,1135
2019-07-17,NYM,MIN,MIN,3416,5452,1132
2019-07-17,MIL,ATL,ATL,3925,4827,1248
2019-07-17,SEA,OAK,OAK,3253,5582,1165
2019-07-17,DET,CLE,CLE,2909,5899,1192
2019-07-17,BAL,WSN,WSN,2832,5990,1178
2019-07-17,PIT,STL,STL,3889,4868,1243
2019-07-17,TEX,ARI,ARI,4120,4767,1113
2019-07-17,TOR,BOS,BOS,3587,5263,1150
2019-07-17,CIN,CHC,CHC,4238,4520,1242
2019-07-17,COL,SFG,COL,4677,4217,1106
2019-07-17,KCR,CHW,KCR,4539,4192,1269
2019-07-17,MIA,SDP,SDP,4138,4655,1207
2019-07-18,LAA,HOU,HOU,4026,4856,1118
2019-07-18,PHI,LAD,LAD,3450,5401,1149
2019-07-18,TBR,NYY,NYY,4133,4607,1260
2019-07-18,TBR,NYY,NYY,4193,4560,1247
2019-07-18,OAK,MIN,MIN,4289,4533,1178
2019-07-18,WSN,ATL,ATL,4221,4482,1297
2019-07-18,DET,CLE,CLE,2978,5832,1190
2019-07-18,CIN,STL,CIN,4535,4247,1218
2019-07-18,ARI,MIL,ARI,4865,3908,1227
2019-07-18,SFG,NYM,NYM,4355,4399,1246
2019-07-18,TOR,BOS,BOS,3506,5298,1196
2019-07-18,KCR,CHW,KCR,4606,4065,1329
2019-07-18,MIA,SDP,SDP,4120,4704,1176
2019-07-19,TEX,HOU,HOU,3787,5027,1186
2019-07-19,MIA,LAD,LAD,3015,5862,1123
2019-07-19,COL,NYY,NYY,3429,5396,1175
2019-07-19,OAK,MIN,MIN,4261,4548,1191
2019-07-19,WSN,ATL,ATL,4349,4442,1209
2019-07-19,CHW,TBR,TBR,2968,5741,1291
2019-07-19,KCR,CLE,CLE,3740,5005,1255
2019-07-19,CIN,STL,CIN,4468,4271,1261
2019-07-19,ARI,MIL,ARI,4852,3895,1253
2019-07-19,SFG,NYM,SFG,4435,4287,1278
2019-07-19,BAL,BOS,BOS,2958,5919,1123
2019-07-19,SDP,CHC,CHC,3618,5180,1202
2019-07-19,PIT,PHI,PHI,4241,4570,1189
2019-07-19,SEA,LAA,LAA,3638,5178,1184
2019-07-19,DET,TOR,TOR,3655,5082,1263
2019-07-20,TEX,HOU,HOU,3833,5080,1087
2019-07-20,MIA,LAD,LAD,3010,5876,1114
2019-07-20,COL,NYY,NYY,3278,5511,1211
2019-07-20,OAK,MIN,MIN,4431,4447,1122
2019-07-20,WSN,ATL,WSN,4383,4370,1247
2019-07-20,CHW,TBR,TBR,3120,5580,1300
2019-07-20,KCR,CLE,CLE,3547,5189,1264
2019-07-20,CIN,STL,CIN,4451,4298,1251
2019-07-20,ARI,MIL,ARI,4879,3950,1171
2019-07-20,SFG,NYM,NYM,4350,4402,1248
2019-07-20,BAL,BOS,BOS,3062,5801,1137
2019-07-20,SDP,CHC,CHC,3703,5066,1231
2019-07-20,PIT,PHI,PHI,4190,4622,1188
2019-07-20,SEA,LAA,LAA,3821,5026,1153
2019-07-20,DET,TOR,TOR,3481,5298,1221
2019-07-21,TEX,HOU,HOU,3760,5060,1180
2019-07-21,MIA,LAD,LAD,3023,5839,1138
2019-07-21,COL,NYY,NYY,3226,5536,1238
2019-07-21,OAK,MIN,MIN,4350,4442,1208
2019-07-21,WSN,ATL,WSN,4387,4373,1240
2019-07-21,CHW,TBR,TBR,3160,5511,1329
2019-07-21,KCR,CLE,CLE,3631,5166,1203
2019-07-21,CIN,STL,CIN,4527,4350,1123
2019-07-21,ARI,MIL,ARI,4791,4026,1183
2019-07-21,SFG,NYM,NYM,4233,4420,1347
2019-07-21,BAL,BOS,BOS,3038,5859,1103
2019-07-21,SDP,CHC,CHC,3643,5077,1280
2019-07-21,PIT,PHI,PHI,4223,4583,1194
2019-07-21,SEA,LAA,LAA,3686,5103,1211
2019-07-21,DET,TOR,TOR,3548,5176,1276
2019-07-22,OAK,HOU,HOU,4369,4529,1102
2019-07-22,MIN,NYY,NYY,4137,4594,1269
2019-07-22,BOS,TBR,TBR,4169,4551,1280
2019-07-22,TOR,CLE,CLE,3660,5117,1223
2019-07-22,PIT,STL,STL,3931,4864,1205
2019-07-22,CIN,MIL,CIN,4612,4126,1262
2019-07-22,BAL,ARI,ARI,3056,5860,1084
2019-07-22,SFG,CHC,CHC,3751,5023,1226
2019-07-22,SEA,TEX,TEX,3906,4941,1153
2019-07-22,MIA,CHW,MIA,4397,4278,1325
2019-07-23,OAK,HOU,HOU,4224,4607,1169
2019-07-23,LAA,LAD,LAD,3480,5331,1189
2019-07-23,MIN,NYY,NYY,4248,4552,1200
2019-07-23,KCR,ATL,ATL,3693,5016,1291
2019-07-23,BOS,TBR,TBR,4284,4496,1220
2019-07-23,TOR,CLE,CLE,3515,5226,1259
2019-07-23,COL,WSN,WSN,3981,4828,1191
2019-07-23,PIT,STL,STL,3897,4842,1261
2019-07-23,CIN,MIL,CIN,4624,4146,1230
2019-07-23,SDP,NYM,NYM,4190,4522,1288
2019-07-23,BAL,ARI,ARI,3002,5945,1053
2019-07-23,SFG,CHC,CHC,3764,5027,1209
2019-07-23,DET,PHI,PHI,3224,5563,1213
2019-07-23,SEA,TEX,TEX,3910,4948,1142
2019-07-23,MIA,CHW,CHW,4304,4456,1240
2019-07-24,OAK,HOU,HOU,4307,4488,1205
2019-07-24,LAA,LAD,LAD,3607,5245,1148
2019-07-24,MIN,NYY,NYY,4248,4607,1145
2019-07-24,KCR,ATL,ATL,3629,5084,1287
2019-07-24,BOS,TBR,TBR,4348,4392,1260
2019-07-24,TOR,CLE,CLE,3637,5154,1209
2019-07-24,COL,WSN,WSN,3815,4987,1198
2019-07-24,COL,WSN,WSN,3844,4952,1204
2019-07-24,PIT,STL,STL,3888,4889,1223
2019-07-24,CIN,MIL,CIN,4696,4092,1212
2019-07-24,SDP,NYM,NYM,4221,4442,1337
2019-07-24,BAL,ARI,ARI,3109,5817,1074
2019-07-24,SFG,CHC,CHC,3698,5115,1187
2019-07-24,DET,PHI,PHI,3361,5418,1221
2019-07-24,SEA,TEX,TEX,3766,5037,1197
2019-07-24,MIA,CHW,CHW,4265,4413,1322
2019-07-25,BOS,NYY,NYY,3828,4960,1212
2019-07-25,CHW,MIN,MIN,3255,5635,1110
2019-07-25,TEX,OAK,OAK,3764,5009,1227
2019-07-25,KCR,CLE,CLE,3635,5097,1268
2019-07-25,COL,WSN,WSN,3772,5020,1208
2019-07-25,PIT,STL,STL,3831,4919,1250
2019-07-25,SDP,NYM,NYM,4230,4468,1302
2019-07-25,BAL,LAA,LAA,3204,5580,1216
2019-07-25,DET,SEA,SEA,3886,4881,1233
2019-07-26,STL,HOU,HOU,3915,4972,1113
2019-07-26,WSN,LAD,LAD,3738,5056,1206
2019-07-26,BOS,NYY,NYY,4125,4730,1145
2019-07-26,CHW,MIN,MIN,3180,5678,1142
2019-07-26,PHI,ATL,ATL,4076,4689,1235
2019-07-26,TEX,OAK,OAK,3976,4808,1216
2019-07-26,TOR,TBR,TBR,3396,5344,1260
2019-07-26,KCR,CLE,CLE,3673,5060,1267
2019-07-26,CHC,MIL,CHC,4889,3903,1208
2019-07-26,PIT,NYM,NYM,4161,4586,1253
2019-07-26,MIA,ARI,ARI,3465,5429,1106
2019-07-26,SDP,SFG,SFG,4397,4402,1201
2019-07-26,COL,CIN,CIN,3924,4924,1152
2019-07-26,BAL,LAA,LAA,3279,5615,1106
2019-07-26,DET,SEA,SEA,3746,5040,1214
2019-07-27,STL,HOU,HOU,3996,4907,1097
2019-07-27,WSN,LAD,LAD,3732,5018,1250
2019-07-27,BOS,NYY,NYY,4190,4623,1187
2019-07-27,CHW,MIN,MIN,3099,5708,1193
2019-07-27,PHI,ATL,ATL,3926,4845,1229
2019-07-27,TEX,OAK,OAK,3986,4800,1214
2019-07-27,TOR,TBR,TBR,3294,5452,1254
2019-07-27,KCR,CLE,CLE,3642,5113,1245
2019-07-27,CHC,MIL,CHC,4796,3959,1245
2019-07-27,PIT,NYM,NYM,4107,4619,1274
2019-07-27,MIA,ARI,ARI,3545,5333,1122
2019-07-27,SDP,SFG,SFG,4312,4482,1206
2019-07-27,COL,CIN,CIN,4005,4827,1168
2019-07-27,BAL,LAA,LAA,3296,5519,1185
2019-07-27,DET,SEA,SEA,3708,5120,1172
2019-07-28,STL,HOU,HOU,3867,4994,1139
2019-07-28,WSN,LAD,LAD,3736,5070,1194
2019-07-28,BOS,NYY,NYY,4182,4657,1161
2019-07-28,CHW,MIN,MIN,3114,5711,1175
2019-07-28,PHI,ATL,ATL,3803,4967,1230
2019-07-28,TEX,OAK,OAK,3978,4798,1224
2019-07-28,TOR,TBR,TBR,3398,5406,1196
2019-07-28,KCR,CLE,CLE,3453,5337,1210
2019-07-28,CHC,MIL,CHC,4884,3900,1216
2019-07-28,PIT,NYM,NYM,3992,4691,1317
2019-07-28,MIA,ARI,ARI,3515,5383,1102
2019-07-28,SDP,SFG,SFG,4375,4413,1212
2019-07-28,COL,CIN,CIN,4009,4840,1151
2019-07-28,BAL,LAA,LAA,3364,5487,1149
2019-07-28,DET,SEA,SEA,3669,5161,1170
2019-07-29,COL,LAD,LAD,3286,5611,1103
2019-07-29,WSN,ATL,ATL,4295,4524,1181
2019-07-29,MIA,ARI,ARI,3541,5375,1084
2019-07-29,PIT,CIN,CIN,3889,4969,1142
2019-07-29,DET,LAA,LAA,3039,5734,1227
2019-07-29,BAL,SDP,SDP,3697,5078,1225
2019-07-29,KCR,TOR,KCR,4412,4335,1253
2019-07-30,CLE,HOU,HOU,4057,4763,1180
2019-07-30,COL,LAD,LAD,3387,5546,1067
2019-07-30,ARI,NYY,NYY,4135,4665,1200
2019-07-30,MIA,MIN,MIN,3259,5662,1079
2019-07-30,WSN,ATL,tie,4392,4392,1216
2019-07-30,MIL,OAK,OAK,3792,4978,1230
2019-07-30,BOS,TBR,BOS,4440,4360,1200
2019-07-30,CHC,STL,CHC,4714,4060,1226
2019-07-30,CHW,NYM,NYM,3697,4927,1376
2019-07-30,SFG,PHI,PHI,4269,4622,1109
2019-07-30,SEA,TEX,TEX,3862,4960,1178
2019-07-30,PIT,CIN,CIN,3784,5063,1153
2019-07-30,DET,LAA,LAA,3050,5772,1178
2019-07-30,BAL,SDP,SDP,3478,5304,1218
2019-07-30,KCR,TOR,TOR,4242,4452,1306
2019-07-31,CLE,HOU,HOU,4050,4796,1154
2019-07-31,COL,LAD,LAD,3331,5502,1167
2019-07-31,ARI,NYY,NYY,4140,4693,1167
2019-07-31,MIA,MIN,MIN,3244,5645,1111
2019-07-31,WSN,ATL,ATL,4335,4498,1167
2019-07-31,MIL,OAK,OAK,3826,4872,1302
2019-07-31,BOS,TBR,TBR,4299,4454,1247
2019-07-31,CHC,STL,CHC,4583,4106,1311
2019-07-31,CHW,NYM,NYM,3730,4959,1311
2019-07-31,SFG,PHI,PHI,4307,4548,1145
2019-07-31,SEA,TEX,TEX,4012,4875,1113
2019-07-31,PIT,CIN,CIN,3863,4990,1147
2019-07-31,DET,LAA,LAA,3031,5700,1269
2019-07-31,KCR,TOR,TOR,4260,4530,1210
2019-08-01,CLE,HOU,HOU,4147,4631,1222
2019-08-01,SDP,LAD,LAD,3282,5561,1157
2019-08-01,MIA,MIN,MIN,3177,5679,1144
2019-08-01,CIN,ATL,ATL,4230,4570,1200
2019-08-01,MIL,OAK,OAK,3925,4807,1268
2019-08-01,BOS,TBR,TBR,4377,4416,1207
2019-08-01,CHC,STL,CHC,4631,4155,1214
2019-08-01,CHW,NYM,NYM,3628,5104,1268
2019-08-01,SFG,PHI,PHI,4307,4551,1142
2019-08-01,BAL,TOR,TOR,3761,5041,1198
2019-08-02,SEA,HOU,HOU,3391,5473,1136
2019-08-02,SDP,LAD,LAD,3186,5657,1157
2019-08-02,BOS,NYY,NYY,4231,4617,1152
2019-08-02,KCR,MIN,MIN,3228,5614,1158
2019-08-02,CIN,ATL,ATL,4201,4570,1229
2019-08-02,LAA,CLE,CLE,4043,4768,1189
2019-08-02,ARI,WSN,ARI,4538,4268,1194
2019-08-02,CHC,MIL,CHC,4885,3885,1230
2019-08-02,PIT,NYM,NYM,3886,4789,1325
2019-08-02,CHW,PHI,PHI,3708,5082,1210
2019-08-02,DET,TEX,TEX,3196,5592,1212
2019-08-02,COL,SFG,COL,4479,4427,1094
2019-08-02,BAL,TOR,TOR,3741,5098,1161
2019-08-03,SEA,HOU,HOU,3221,5631,1148
2019-08-03,SDP,LAD,LAD,3189,5641,1170
2019-08-03,BOS,NYY,NYY,4085,4746,1169
2019-08-03,BOS,NYY,NYY,4209,4699,1092
2019-08-03,KCR,MIN,MIN,3172,5695,1133
2019-08-03,CIN,ATL,ATL,4188,4637,1175
2019-08-03,STL,OAK,OAK,4034,4748,1218
2019-08-03,MIA,TBR,TBR,3296,5432,1272
2019-08-03,LAA,CLE,CLE,4082,4677,1241
2019-08-03,ARI,WSN,ARI,4509,4298,1193
2019-08-03,CHC,MIL,CHC,4907,3802,1291
2019-08-03,PIT,NYM,NYM,4054,4672,1274
2019-08-03,CHW,PHI,PHI,3834,4871,1295
2019-08-03,DET,TEX,TEX,3256,5553,1191
2019-08-03,COL,SFG,COL,4439,4363,1198
2019-08-03,BAL,TOR,TOR,3556,5182,1262
2019-08-04,SEA,HOU,HOU,3187,5732,1081
2019-08-04,SDP,LAD,LAD,3247,5546,1207
2019-08-04,BOS,NYY,NYY,4067,4745,1188
2019-08-04,KCR,MIN,MIN,3109,5760,1131
2019-08-04,CIN,ATL,ATL,4148,4623,1229
2019-08-04,STL,OAK,OAK,4055,4697,1248
2019-08-04,MIA,TBR,TBR,3178,5567,1255
2019-08-04,LAA,CLE,CLE,3900,4850,1250
2019-08-04,ARI,WSN,ARI,4538,4267,1195
2019-08-04,CHC,MIL,CHC,4863,3900,1237
2019-08-04,PIT,NYM,NYM,4074,4668,1258
2019-08-04,CHW,PHI,PHI,3800,4958,1242
2019-08-04,DET,TEX,TEX,3267,5589,1144
2019-08-04,COL,SFG,SFG,4384,4386,1230
2019-08-04,BAL,TOR,TOR,3750,5040,1210
2019-08-05,STL,LAD,LAD,3578,5233,1189
2019-08-05,BAL,NYY,NYY,2686,6200,1114
2019-08-05,ATL,MIN,MIN,3958,4891,1151
2019-08-05,CHC,OAK,OAK,4316,4412,1272
2019-08-05,TOR,TBR,TBR,3488,5309,1203
2019-08-05,TEX,CLE,CLE,4107,4665,1228
2019-08-05,SFG,WSN,WSN,3882,4890,1228
2019-08-05,PIT,MIL,MIL,4067,4639,1294
2019-08-05,MIA,NYM,NYM,3847,4971,1182
2019-08-05,MIA,NYM,NYM,3705,5005,1290
2019-08-05,PHI,ARI,ARI,4007,4878,1115
2019-08-05,KCR,BOS,BOS,3682,5213,1105
2019-08-05,LAA,CIN,CIN,4134,4621,1245
2019-08-05,DET,CHW,CHW,3781,4832,1387
2019-08-06,COL,HOU,HOU,3416,5454,1130
2019-08-06,STL,LAD,LAD,3494,5325,1181
2019-08-06,BAL,NYY,NYY,2699,6184,1117
2019-08-06,ATL,MIN,MIN,3945,4917,1138
2019-08-06,CHC,OAK,OAK,4301,4429,1270
2019-08-06,TOR,TBR,TBR,3471,5232,1297
2019-08-06,SFG,WSN,WSN,3961,4923,1116
2019-08-06,PIT,MIL,MIL,3964,4827,1209
2019-08-06,MIA,NYM,NYM,3750,5036,1214
2019-08-06,PHI,ARI,ARI,4077,4788,1135
2019-08-06,KCR,BOS,BOS,3484,5360,1156
2019-08-06,LAA,CIN,CIN,4088,4693,1219
2019-08-06,DET,CHW,CHW,3724,4938,1338
2019-08-06,DET,CHW,CHW,3726,4964,1310
2019-08-06,SEA,SDP,SDP,4171,4640,1189
2019-08-07,COL,HOU,HOU,3436,5454,1110
2019-08-07,STL,LAD,LAD,3468,5283,1249
2019-08-07,BAL,NYY,NYY,2625,6278,1097
2019-08-07,ATL,MIN,MIN,3977,4870,1153
2019-08-07,CHC,OAK,OAK,4285,4508,1207
2019-08-07,TOR,TBR,TBR,3527,5161,1312
2019-08-07,TEX,CLE,CLE,4005,4739,1256
2019-08-07,TEX,CLE,CLE,4103,4736,1161
2019-08-07,SFG,WSN,WSN,3773,5105,1122
2019-08-07,PIT,MIL,MIL,4105,4596,1299
2019-08-07,MIA,NYM,NYM,3595,5094,1311
2019-08-07,PHI,ARI,ARI,4023,4911,1066
2019-08-07,KCR,BOS,BOS,3649,5187,1164
2019-08-07,DET,CHW,CHW,3729,4953,1318
2019-08-07,SEA,SDP,SDP,3987,4790,1223
2019-08-08,TOR,NYY,NYY,3335,5485,1180
2019-08-08,CLE,MIN,MIN,4099,4716,1185
2019-08-08,MIA,ATL,ATL,3366,5442,1192
2019-08-08,LAA,BOS,BOS,4018,4800,1182
2019-08-08,CIN,CHC,CHC,4190,4640,1170
2019-08-08,SFG,PHI,PHI,4242,4656,1102
2019-08-08,SDP,COL,SDP,4507,4339,1154
2019-08-08,DET,KCR,KCR,3613,5062,1325
2019-08-09,BAL,HOU,HOU,2669,6245,1086
2019-08-09,ARI,LAD,LAD,3867,4949,1184
2019-08-09,TOR,NYY,NYY,3226,5600,1174
2019-08-09,CLE,MIN,MIN,4194,4671,1135
2019-08-09,MIA,ATL,ATL,3517,5290,1193
2019-08-09,CHW,OAK,OAK,3279,5490,1231
2019-08-09,SEA,TBR,TBR,3239,5569,1192
2019-08-09,NYM,WSN,WSN,4241,4475,1284
2019-08-09,PIT,STL,STL,3826,4910,1264
2019-08-09,TEX,MIL,TEX,4553,4217,1230
2019-08-09,LAA,BOS,BOS,3972,4840,1188
2019-08-09,CIN,CHC,CHC,4136,4713,1151
2019-08-09,SFG,PHI,PHI,4163,4615,1222
2019-08-09,SDP,COL,SDP,4590,4282,1128
2019-08-09,DET,KCR,KCR,3702,4979,1319
2019-08-10,BAL,HOU,HOU,2660,6298,1042
2019-08-10,ARI,LAD,LAD,3912,4905,1183
2019-08-10,TOR,NYY,NYY,3365,5460,1175
2019-08-10,CLE,MIN,MIN,4171,4658,1171
2019-08-10,MIA,ATL,ATL,3468,5398,1134
2019-08-10,CHW,OAK,OAK,3319,5457,1224
2019-08-10,SEA,TBR,TBR,3292,5422,1286
2019-08-10,NYM,WSN,WSN,4211,4506,1283
2019-08-10,PIT,STL,STL,3848,4866,1286
2019-08-10,TEX,MIL,TEX,4412,4337,1251
2019-08-10,LAA,BOS,BOS,3964,4898,1138
2019-08-10,CIN,CHC,CHC,4136,4668,1196
2019-08-10,SFG,PHI,PHI,4202,4593,1205
2019-08-10,SDP,COL,SDP,4700,4187,1113
2019-08-10,DET,KCR,KCR,3809,4849,1342
2019-08-11,BAL,HOU,HOU,2668,6381,951
2019-08-11,ARI,LAD,LAD,3798,5080,1122
2019-08-11,TOR,NYY,NYY,3329,5469,1202
2019-08-11,CLE,MIN,MIN,4194,4652,1154
2019-08-11,MIA,ATL,ATL,3483,5315,1202
2019-08-11,CHW,OAK,OAK,3360,5414,1226
2019-08-11,SEA,TBR,TBR,3303,5483,1214
2019-08-11,NYM,WSN,WSN,4166,4552,1282
2019-08-11,PIT,STL,STL,3814,4984,1202
2019-08-11,TEX,MIL,TEX,4510,4270,1220
2019-08-11,LAA,BOS,BOS,3961,4892,1147
2019-08-11,CIN,CHC,CHC,4217,4556,1227
2019-08-11,SFG,PHI,PHI,4312,4488,1200
2019-08-11,SDP,COL,SDP,4687,4196,1117
2019-08-11,DET,KCR,KCR,3626,4996,1378
2019-08-12,BAL,NYY,NYY,2554,6403,1043
2019-08-12,BAL,NYY,NYY,2545,6373,1082
2019-08-12,SDP,TBR,TBR,3644,5069,1287
2019-08-12,BOS,CLE,CLE,4242,4537,1221
2019-08-12,CIN,WSN,WSN,4420,4428,1152
2019-08-12,COL,ARI,ARI,3836,5039,1125
2019-08-12,TOR,TEX,TEX,4102,4677,1221
2019-08-12,PIT,LAA,LAA,4021,4757,1222
2019-08-13,CHW,HOU,HOU,3065,5877,1058
2019-08-13,CHW,HOU,HOU,3059,5874,1067
2019-08-13,MIA,LAD,LAD,2903,5975,1122
2019-08-13,BAL,NYY,NYY,2530,6388,1082
2019-08-13,MIL,MIN,MIN,3685,5119,1196
2019-08-13,NYM,ATL,ATL,4119,4564,1317
2019-08-13,SFG,OAK,OAK,3606,5188,1206
2019-08-13,SDP,TBR,TBR,3566,5134,1300
2019-08-13,BOS,CLE,CLE,4193,4584,1223
2019-08-13,CIN,WSN,WSN,4363,4446,1191
2019-08-13,KCR,STL,STL,3745,4968,1287
2019-08-13,COL,ARI,ARI,3838,5030,1132
2019-08-13,PHI,CHC,CHC,3855,4901,1244
2019-08-13,TOR,TEX,TEX,4268,4593,1139
2019-08-13,PIT,LAA,LAA,4037,4707,1256
2019-08-13,DET,SEA,SEA,3880,4946,1174
2019-08-14,CHW,HOU,HOU,3063,5843,1094
2019-08-14,MIA,LAD,LAD,2770,6117,1113
2019-08-14,BAL,NYY,NYY,2472,6417,1111
2019-08-14,MIL,MIN,MIN,3580,5193,1227
2019-08-14,NYM,ATL,ATL,4140,4642,1218
2019-08-14,SFG,OAK,OAK,3628,5146,1226
2019-08-14,SDP,TBR,TBR,3549,5133,1318
2019-08-14,BOS,CLE,CLE,4320,4453,1227
2019-08-14,CIN,WSN,WSN,4372,4447,1181
2019-08-14,KCR,STL,STL,3732,5041,1227
2019-08-14,COL,ARI,ARI,3813,5054,1133
2019-08-14,PHI,CHC,CHC,3821,4979,1200
2019-08-14,TOR,TEX,TEX,4309,4560,1131
2019-08-14,PIT,LAA,LAA,4059,4663,1278
2019-08-14,DET,SEA,SEA,3722,5085,1193
2019-08-15,OAK,HOU,HOU,4133,4814,1053
2019-08-15,MIA,LAD,LAD,2721,6134,1145
2019-08-15,CLE,NYY,NYY,4019,4788,1193
2019-08-15,TEX,MIN,MIN,3670,5163,1167
2019-08-15,NYM,ATL,ATL,4175,4582,1243
2019-08-15,CIN,STL,STL,4372,4410,1218
2019-08-15,SFG,ARI,ARI,3774,5042,1184
2019-08-15,PHI,CHC,CHC,4010,4764,1226
2019-08-15,LAA,CHW,LAA,4879,3901,1220
2019-08-15,DET,SEA,SEA,3733,5068,1199
2019-08-16,OAK,HOU,HOU,4084,4810,1106
2019-08-16,ATL,LAD,LAD,3714,5049,1237
2019-08-16,CLE,NYY,NYY,4146,4644,1210
2019-08-16,TEX,MIN,MIN,3607,5217,1176
2019-08-16,DET,TBR,TBR,2490,6266,1244
2019-08-16,MIL,WSN,WSN,4019,4751,1230
2019-08-16,CIN,STL,CIN,4453,4319,1228
2019-08-16,KCR,NYM,NYM,3682,5039,1279
2019-08-16,SFG,ARI,ARI,3947,4916,1137
2019-08-16,BAL,BOS,BOS,3078,5839,1083
2019-08-16,PIT,CHC,CHC,3670,5159,1171
2019-08-16,SDP,PHI,PHI,4293,4504,1203
2019-08-16,LAA,CHW,LAA,4713,3972,1315
2019-08-16,MIA,COL,COL,4171,4673,1156
2019-08-16,TOR,SEA,TOR,4649,4191,1160
2019-08-17,OAK,HOU,HOU,4018,4825,1157
2019-08-17,ATL,LAD,LAD,3596,5216,1188
2019-08-17,CLE,NYY,NYY,4085,4724,1191
2019-08-17,TEX,MIN,MIN,3698,5167,1135
2019-08-17,DET,TBR,TBR,2585,6187,1228
2019-08-17,MIL,WSN,WSN,3935,4844,1221
2019-08-17,CIN,STL,STL,4346,4475,1179
2019-08-17,KCR,NYM,NYM,3844,4846,1310
2019-08-17,SFG,ARI,ARI,3907,4950,1143
2019-08-17,BAL,BOS,BOS,3035,5884,1081
2019-08-17,PIT,CHC,CHC,3671,5132,1197
2019-08-17,SDP,PHI,PHI,4214,4567,1219
2019-08-17,LAA,CHW,LAA,4774,3981,1245
2019-08-17,MIA,COL,COL,4102,4776,1122
2019-08-17,TOR,SEA,TOR,4693,4162,1145
2019-08-18,OAK,HOU,HOU,4081,4814,1105
2019-08-18,ATL,LAD,LAD,3742,5101,1157
2019-08-18,CLE,NYY,NYY,4134,4706,1160
2019-08-18,TEX,MIN,MIN,3587,5223,1190
2019-08-18,DET,TBR,TBR,2583,6171,1246
2019-08-18,MIL,WSN,WSN,3988,4797,1215
2019-08-18,CIN,STL,STL,4296,4507,1197
2019-08-18,KCR,NYM,NYM,3697,5025,1278
2019-08-18,SFG,ARI,ARI,3888,4975,1137
2019-08-18,BAL,BOS,BOS,2941,5948,1111
2019-08-18,PIT,CHC,CHC,3641,5141,1218
2019-08-18,SDP,PHI,PHI,4266,4493,1241
2019-08-18,LAA,CHW,LAA,4736,3947,1317
2019-08-18,MIA,COL,COL,4072,4771,1157
2019-08-18,TOR,SEA,TOR,4803,4115,1082
2019-08-19,DET,HOU,HOU,2603,6355,1042
2019-08-19,CHW,MIN,MIN,3187,5667,1146
2019-08-19,SEA,TBR,TBR,3319,5361,1320
2019-08-19,PIT,WSN,WSN,3599,5250,1151
2019-08-19,MIL,STL,STL,4027,4701,1272
2019-08-19,COL,ARI,ARI,3956,4953,1091
2019-08-19,LAA,TEX,LAA,4501,4348,1151
2019-08-19,SDP,CIN,CIN,4073,4711,1216
2019-08-19,BAL,KCR,KCR,3550,5115,1335
2019-08-20,DET,HOU,HOU,2570,6395,1035
2019-08-20,TOR,LAD,LAD,3209,5641,1150
2019-08-20,OAK,NYY,NYY,4112,4706,1182
2019-08-20,CHW,MIN,MIN,3226,5605,1169
2019-08-20,MIA,ATL,ATL,3368,5463,1169
2019-08-20,SEA,TBR,TBR,3378,5367,1255
2019-08-20,NYM,CLE,CLE,4074,4700,1226
2019-08-20,PIT,WSN,WSN,3601,5274,1125
2019-08-20,MIL,STL,STL,3948,4824,1228
2019-08-20,COL,ARI,ARI,3874,4969,1157
2019-08-20,PHI,BOS,BOS,3997,4892,1111
2019-08-20,SFG,CHC,CHC,3828,4995,1177
2019-08-20,LAA,TEX,TEX,4378,4492,1130
2019-08-20,LAA,TEX,LAA,4441,4401,1158
2019-08-20,SDP,CIN,CIN,4143,4705,1152
2019-08-20,BAL,KCR,KCR,3474,5228,1298
2019-08-21,DET,HOU,HOU,2608,6311,1081
2019-08-21,TOR,LAD,LAD,3202,5660,1138
2019-08-21,OAK,NYY,NYY,4227,4569,1204
2019-08-21,CHW,MIN,MIN,3167,5689,1144
2019-08-21,MIA,ATL,ATL,3424,5410,1166
2019-08-21,SEA,TBR,TBR,3446,5340,1214
2019-08-21,NYM,CLE,CLE,3955,4822,1223
2019-08-21,PIT,WSN,WSN,3598,5314,1088
2019-08-21,MIL,STL,STL,3985,4746,1269
2019-08-21,COL,ARI,ARI,3840,5045,1115
2019-08-21,PHI,BOS,BOS,4069,4805,1126
2019-08-21,SFG,CHC,CHC,3819,5019,1162
2019-08-21,LAA,TEX,LAA,4451,4397,1152
2019-08-21,SDP,CIN,CIN,4169,4654,1177
2019-08-21,BAL,KCR,KCR,3567,5116,1317
2019-08-22,DET,HOU,HOU,2564,6390,1046
2019-08-22,TOR,LAD,LAD,3106,5756,1138
2019-08-22,OAK,NYY,NYY,4232,4521,1247
2019-08-22,MIA,ATL,ATL,3299,5519,1182
2019-08-22,BAL,TBR,TBR,2663,6096,1241
2019-08-22,NYM,CLE,CLE,4035,4759,1206
2019-08-22,PIT,WSN,WSN,3556,5346,1098
2019-08-22,COL,STL,STL,3950,4813,1237
2019-08-22,SFG,CHC,CHC,3752,5025,1223
2019-08-22,CHW,TEX,TEX,3927,4875,1198
2019-08-23,LAA,HOU,HOU,3514,5413,1073
2019-08-23,NYY,LAD,LAD,4040,4748,1212
2019-08-23,DET,MIN,MIN,2632,6293,1075
2019-08-23,NYM,ATL,ATL,4114,4625,1261
2019-08-23,BAL,TBR,TBR,2667,6116,1217
2019-08-23,KCR,CLE,CLE,3383,5411,1206
2019-08-23,CHC,WSN,WSN,4293,4613,1094
2019-08-23,COL,STL,STL,3959,4786,1255
2019-08-23,ARI,MIL,ARI,4848,4015,1137
2019-08-23,SDP,BOS,BOS,3903,4947,1150
2019-08-23,MIA,PHI,PHI,3799,4989,1212
2019-08-23,CHW,TEX,TEX,3942,4841,1217
2019-08-23,PIT,CIN,CIN,3687,5120,1193
2019-08-23,TOR,SEA,TOR,4637,4185,1178
2019-08-24,LAA,HOU,HOU,3544,5411,1045
2019-08-24,NYY,LAD,LAD,4059,4812,1129
2019-08-24,DET,MIN,MIN,2574,6357,1069
2019-08-24,NYM,ATL,ATL,4102,4683,1215
2019-08-24,SFG,OAK,OAK,3614,5158,1228
2019-08-24,BAL,TBR,TBR,2598,6237,1165
2019-08-24,KCR,CLE,CLE,3362,5452,1186
2019-08-24,CHC,WSN,WSN,4315,4540,1145
2019-08-24,COL,STL,STL,3910,4894,1196
2019-08-24,ARI,MIL,ARI,4921,3884,1195
2019-08-24,SDP,BOS,BOS,3763,5100,1137
2019-08-24,MIA,PHI,PHI,3917,4934,1149
2019-08-24,CHW,TEX,TEX,4084,4741,1175
2019-08-24,PIT,CIN,CIN,3686,5150,1164
2019-08-24,TOR,SEA,TOR,4446,4348,1206
2019-08-25,LAA,HOU,HOU,3492,5441,1067
2019-08-25,NYY,LAD,LAD,4171,4686,1143
2019-08-25,DET,MIN,MIN,2703,6254,1043
2019-08-25,NYM,ATL,ATL,4118,4668,1214
2019-08-25,SFG,OAK,OAK,3644,5074,1282
2019-08-25,BAL,TBR,TBR,2576,6203,1221
2019-08-25,KCR,CLE,CLE,3393,5435,1172
2019-08-25,CHC,WSN,WSN,4269,4586,1145
2019-08-25,COL,STL,STL,3839,4980,1181
2019-08-25,ARI,MIL,ARI,4759,4104,1137
2019-08-25,SDP,BOS,BOS,3762,5102,1136
2019-08-25,MIA,PHI,PHI,3791,5094,1115
2019-08-25,CHW,TEX,TEX,4005,4816,1179
2019-08-25,PIT,CIN,CIN,3917,4936,1147
2019-08-25,TOR,SEA,TOR,4558,4292,1150
2019-08-26,SDP,LAD,LAD,3233,5659,1108
2019-08-26,SEA,NYY,NYY,3341,5484,1175
2019-08-26,COL,ATL,ATL,3645,5101,1254
2019-08-26,KCR,OAK,OAK,3269,5438,1293
2019-08-26,MIL,STL,STL,3988,4831,1181
2019-08-26,SFG,ARI,ARI,3948,4926,1126
2019-08-26,PIT,PHI,PHI,4006,4837,1157
2019-08-26,MIA,CIN,CIN,3677,5219,1104
2019-08-27,TBR,HOU,HOU,4042,4816,1142
2019-08-27,SDP,LAD,LAD,3242,5649,1109
2019-08-27,SEA,NYY,NYY,3358,5408,1234
2019-08-27,CHW,MIN,MIN,3230,5654,1116
2019-08-27,TOR,ATL,ATL,3672,5129,1199
2019-08-27,KCR,OAK,OAK,3264,5578,1158
2019-08-27,DET,CLE,CLE,2741,6153,1106
2019-08-27,BAL,WSN,WSN,2941,5960,1099
2019-08-27,MIL,STL,STL,3839,4905,1256
2019-08-27,CHC,NYM,CHC,4566,4169,1265
2019-08-27,SFG,ARI,ARI,3941,4945,1114
2019-08-27,COL,BOS,BOS,3737,5158,1105
2019-08-27,PIT,PHI,PHI,4068,4766,1166
2019-08-27,LAA,TEX,LAA,4501,4344,1155
2019-08-27,MIA,CIN,CIN,3746,5125,1129
2019-08-28,TBR,HOU,HOU,4004,4932,1064
2019-08-28,SDP,LAD,LAD,3145,5719,1136
2019-08-28,SEA,NYY,NYY,3209,5603,1188
2019-08-28,CHW,MIN,MIN,3209,5673,1118
2019-08-28,TOR,ATL,ATL,3778,4977,1245
2019-08-28,KCR,OAK,OAK,3173,5662,1165
2019-08-28,DET,CLE,CLE,2727,6062,1211
2019-08-28,BAL,WSN,WSN,3031,5916,1053
2019-08-28,MIL,STL,STL,3865,4880,1255
2019-08-28,CHC,NYM,CHC,4512,4161,1327
2019-08-28,COL,BOS,BOS,3658,5216,1126
2019-08-28,PIT,PHI,PHI,3936,4893,1171
2019-08-28,LAA,TEX,TEX,4399,4416,1185
2019-08-28,MIA,CIN,CIN,3655,5191,1154
2019-08-29,TBR,HOU,HOU,3979,4939,1082
2019-08-29,ARI,LAD,LAD,3813,5102,1085
2019-08-29,CHW,MIN,MIN,3180,5731,1089
2019-08-29,KCR,OAK,OAK,3289,5519,1192
2019-08-29,DET,CLE,CLE,2734,6081,1185
2019-08-29,CHC,NYM,CHC,4660,4023,1317
2019-08-29,SEA,TEX,TEX,4182,4676,1142
2019-08-29,SDP,SFG,SDP,4422,4388,1190
2019-08-29,MIA,CIN,CIN,3629,5187,1184
2019-08-29,PIT,COL,COL,4373,4497,1130
2019-08-30,TOR,HOU,HOU,3368,5580,1052
2019-08-30,ARI,LAD,LAD,3800,5068,1132
2019-08-30,OAK,NYY,NYY,4240,4557,1203
2019-08-30,DET,MIN,MIN,2564,6341,1095
2019-08-30,CHW,ATL,ATL,3427,5390,1183
2019-08-30,CLE,TBR,CLE,4444,4239,1317
2019-08-30,MIA,WSN,WSN,3369,5549,1082
2019-08-30,CHC,MIL,CHC,4851,3886,1263
2019-08-30,PHI,NYM,NYM,4284,4460,1256
2019-08-30,LAA,BOS,BOS,3924,4992,1084
2019-08-30,SEA,TEX,TEX,4181,4642,1177
2019-08-30,SDP,SFG,SFG,4294,4430,1276
2019-08-30,PIT,COL,COL,4270,4575,1155
2019-08-30,BAL,KCR,KCR,3831,4882,1287
2019-08-31,TOR,HOU,HOU,3198,5729,1073
2019-08-31,ARI,LAD,LAD,3829,5068,1103
2019-08-31,OAK,NYY,NYY,4283,4517,1200
2019-08-31,DET,MIN,MIN,2459,6411,1130
2019-08-31,CHW,ATL,ATL,3370,5389,1241
2019-08-31,CLE,TBR,CLE,4500,4230,1270
2019-08-31,MIA,WSN,WSN,3360,5506,1134
2019-08-31,CIN,STL,STL,4206,4625,1169
2019-08-31,CIN,STL,STL,4273,4487,1240
2019-08-31,CHC,MIL,CHC,4860,3921,1219
2019-08-31,PHI,NYM,NYM,4173,4585,1242
2019-08-31,LAA,BOS,BOS,3934,4919,1147
2019-08-31,SEA,TEX,TEX,4086,4754,1160
2019-08-31,SDP,SFG,SDP,4423,4402,1175
2019-08-31,PIT,COL,COL,4211,4606,1183
2019-08-31,BAL,KCR,KCR,3927,4789,1284
2019-09-01,TOR,HOU,HOU,3237,5652,1111
2019-09-01,ARI,LAD,LAD,3854,5012,1134
2019-09-01,OAK,NYY,NYY,4293,4538,1169
2019-09-01,DET,MIN,MIN,2525,6438,1037
2019-09-01,CHW,ATL,ATL,3382,5411,1207
2019-09-01,CLE,TBR,CLE,4385,4311,1304
2019-09-01,MIA,WSN,WSN,3240,5727,1033
2019-09-01,CIN,STL,STL,4202,4603,1195
2019-09-01,CIN,STL,STL,4106,4669,1225
2019-09-01,CHC,MIL,CHC,4920,3849,1231
2019-09-01,PHI,NYM,NYM,4198,4539,1263
2019-09-01,LAA,BOS,BOS,3911,4917,1172
2019-09-01,SEA,TEX,TEX,4148,4645,1207
2019-09-01,SDP,SFG,SFG,4342,4417,1241
2019-09-01,PIT,COL,COL,4391,4420,1189
2019-09-01,BAL,KCR,KCR,3891,4835,1274
2019-09-02,MIL,HOU,HOU,3464,5480,1056
2019-09-02,COL,LAD,LAD,3229,5649,1122
2019-09-02,TEX,NYY,NYY,3508,5225,1267
2019-09-02,DET,MIN,MIN,2563,6378,1059
2019-09-02,TOR,ATL,ATL,3707,5087,1206
2019-09-02,BAL,TBR,TBR,2812,5917,1271
2019-09-02,CHW,CLE,CLE,3402,5368,1230
2019-09-02,NYM,WSN,WSN,3888,4929,1183
2019-09-02,SFG,STL,STL,3811,4958,1231
2019-09-02,SDP,ARI,ARI,3881,4926,1193
2019-09-02,SEA,CHC,CHC,3587,5237,1176
2019-09-02,CIN,PHI,CIN,4612,4216,1172
2019-09-03,MIL,HOU,HOU,3406,5554,1040
2019-09-03,COL,LAD,LAD,3047,5860,1093
2019-09-03,TEX,NYY,NYY,3632,5204,1164
2019-09-03,BOS,MIN,MIN,4098,4807,1095
2019-09-03,TOR,ATL,ATL,3611,5174,1215
2019-09-03,LAA,OAK,OAK,3632,5113,1255
2019-09-03,BAL,TBR,TBR,2881,5897,1222
2019-09-03,BAL,TBR,TBR,2791,6003,1206
2019-09-03,CHW,CLE,CLE,3351,5418,1231
2019-09-03,NYM,WSN,WSN,4004,4848,1148
2019-09-03,SFG,STL,STL,3898,4872,1230
2019-09-03,SDP,ARI,ARI,3878,4968,1154
2019-09-03,SEA,CHC,CHC,3661,5145,1194
2019-09-03,CIN,PHI,CIN,4589,4190,1221
2019-09-03,MIA,PIT,PIT,4193,4703,1104
2019-09-03,DET,KCR,KCR,3724,4988,1288
2019-09-04,COL,LAD,LAD,3023,5858,1119
2019-09-04,TEX,NYY,NYY,3482,5335,1183
2019-09-04,BOS,MIN,MIN,3973,4898,1129
2019-09-04,LAA,OAK,OAK,3630,5170,1200
2019-09-04,CHW,CLE,CLE,3246,5544,1210
2019-09-04,NYM,WSN,WSN,3912,4868,1220
2019-09-04,SFG,STL,STL,3861,4995,1144
2019-09-04,SDP,ARI,ARI,3767,5064,1169
2019-09-04,CIN,PHI,CIN,4432,4404,1164
2019-09-04,MIA,PIT,PIT,4188,4771,1041
2019-09-04,DET,KCR,KCR,3777,4902,1321
2019-09-05,SEA,HOU,HOU,3248,5710,1042
2019-09-05,BOS,MIN,MIN,4088,4797,1115
2019-09-05,WSN,ATL,WSN,4451,4351,1198
2019-09-05,LAA,OAK,OAK,3638,5148,1214
2019-09-05,TOR,TBR,TBR,3638,5136,1226
2019-09-05,CHW,CLE,CLE,3344,5446,1210
2019-09-05,SFG,STL,STL,3855,4908,1237
2019-09-05,CHC,MIL,CHC,4937,3820,1243
2019-09-05,CIN,PHI,CIN,4428,4381,1191
2019-09-05,BAL,TEX,TEX,3665,5162,1173
2019-09-05,MIA,PIT,PIT,4170,4707,1123
2019-09-05,DET,KCR,KCR,3734,4900,1366
2019-09-06,SEA,HOU,HOU,3251,5708,1041
2019-09-06,SFG,LAD,LAD,3292,5608,1100
2019-09-06,BOS,NYY,NYY,4173,4669,1158
2019-09-06,CLE,MIN,MIN,4059,4772,1169
2019-09-06,WSN,ATL,WSN,4457,4300,1243
2019-09-06,DET,OAK,OAK,2660,6188,1152
2019-09-06,TOR,TBR,TBR,3507,5135,1358
2019-09-06,PIT,STL,STL,3735,5076,1189
2019-09-06,CHC,MIL,CHC,4865,3874,1261
2019-09-06,PHI,NYM,NYM,4275,4425,1300
2019-09-06,CIN,ARI,ARI,4142,4718,1140
2019-09-06,BAL,TEX,TEX,3550,5287,1163
2019-09-06,LAA,CHW,LAA,4744,3961,1295
2019-09-06,SDP,COL,SDP,4607,4245,1148
2019-09-06,MIA,KCR,MIA,4347,4339,1314
2019-09-07,SEA,HOU,HOU,3205,5773,1022
2019-09-07,SFG,LAD,LAD,3305,5566,1129
2019-09-07,BOS,NYY,NYY,4128,4710,1162
2019-09-07,CLE,MIN,MIN,4034,4789,1177
2019-09-07,WSN,ATL,WSN,4519,4247,1234
2019-09-07,DET,OAK,OAK,2614,6241,1145
2019-09-07,TOR,TBR,TBR,3521,5195,1284
2019-09-07,PIT,STL,STL,3731,5110,1159
2019-09-07,CHC,MIL,CHC,4885,3913,1202
2019-09-07,PHI,NYM,NYM,4139,4595,1266
2019-09-07,CIN,ARI,ARI,4165,4716,1119
2019-09-07,BAL,TEX,TEX,3661,5136,1203
2019-09-07,LAA,CHW,LAA,4783,3927,1290
2019-09-07,SDP,COL,SDP,4528,4322,1150
2019-09-07,MIA,KCR,KCR,4218,4550,1232
2019-09-08,SEA,HOU,HOU,3189,5758,1053
2019-09-08,SFG,LAD,LAD,3269,5632,1099
2019-09-08,BOS,NYY,NYY,4256,4570,1174
2019-09-08,CLE,MIN,MIN,3961,4876,1163
2019-09-08,WSN,ATL,WSN,4482,4311,1207
2019-09-08,DET,OAK,OAK,2603,6228,1169
2019-09-08,TOR,TBR,TBR,3481,5252,1267
2019-09-08,PIT,STL,STL,3623,5238,1139
2019-09-08,CHC,MIL,CHC,4897,3817,1286
2019-09-08,PHI,NYM,NYM,4267,4426,1307
2019-09-08,CIN,ARI,ARI,4043,4837,1120
2019-09-08,BAL,TEX,TEX,3494,5302,1204
2019-09-08,LAA,CHW,LAA,4809,3877,1314
2019-09-08,SDP,COL,SDP,4690,4169,1141
2019-09-08,MIA,KCR,KCR,4150,4577,1273
2019-09-09,OAK,HOU,HOU,4091,4848,1061
2019-09-09,BOS,NYY,NYY,4098,4716,1186
2019-09-09,PHI,ATL,ATL,3961,4814,1225
2019-09-09,LAA,CLE,CLE,3772,4949,1279
2019-09-09,MIA,MIL,MIL,3846,4906,1248
2019-09-09,ARI,NYM,ARI,4636,4137,1227
2019-09-09,SDP,CHC,CHC,3823,4900,1277
2019-09-09,PIT,SFG,SFG,4369,4450,1181
2019-09-10,OAK,HOU,HOU,3933,5039,1028
2019-09-10,BAL,LAD,LAD,2501,6434,1065
2019-09-10,DET,NYY,NYY,2577,6324,1099
2019-09-10,WSN,MIN,MIN,4152,4697,1151
2019-09-10,PHI,ATL,ATL,3880,4872,1248
2019-09-10,TEX,TBR,TBR,3791,4955,1254
2019-09-10,LAA,CLE,CLE,3668,5104,1228
2019-09-10,COL,STL,STL,3649,5167,1184
2019-09-10,MIA,MIL,MIL,3773,5034,1193
2019-09-10,ARI,NYM,ARI,4622,4086,1292
2019-09-10,TOR,BOS,BOS,3720,5136,1144
2019-09-10,SDP,CHC,CHC,3726,5042,1232
2019-09-10,PIT,SFG,SFG,4336,4459,1205
2019-09-10,SEA,CIN,CIN,3905,4911,1184
2019-09-10,KCR,CHW,CHW,4339,4385,1276
2019-09-11,OAK,HOU,HOU,4065,4906,1029
2019-09-11,BAL,LAD,LAD,2508,6479,1013
2019-09-11,WSN,MIN,MIN,4172,4696,1132
2019-09-11,PHI,ATL,ATL,3942,4812,1246
2019-09-11,TEX,TBR,TBR,3677,5000,1323
2019-09-11,LAA,CLE,CLE,3717,5077,1206
2019-09-11,COL,STL,STL,3598,5208,1194
2019-09-11,MIA,MIL,MIL,3788,5028,1184
2019-09-11,ARI,NYM,ARI,4619,4149,1232
2019-09-11,TOR,BOS,BOS,3676,5173,1151
2019-09-11,SDP,CHC,CHC,3728,5076,1196
2019-09-11,PIT,SFG,SFG,4308,4538,1154
2019-09-11,SEA,CIN,CIN,3817,4966,1217
2019-09-11,KCR,CHW,CHW,4240,4479,1281
2019-09-12,OAK,HOU,HOU,4167,4808,1025
2019-09-12,BAL,LAD,LAD,2525,6414,1061
2019-09-12,DET,NYY,NYY,2539,6346,1115
2019-09-12,DET,NYY,NYY,2581,6313,1106
2019-09-12,WSN,MIN,MIN,4156,4667,1177
2019-09-12,PHI,ATL,ATL,3872,4886,1242
2019-09-12,TEX,TBR,TBR,3769,4989,1242
2019-09-12,COL,STL,STL,3548,5209,1243
2019-09-12,MIA,MIL,MIL,3836,5042,1122
2019-09-12,ARI,NYM,ARI,4562,4259,1179
2019-09-12,TOR,BOS,BOS,3809,5062,1129
2019-09-12,SDP,CHC,CHC,3840,4978,1182
2019-09-12,PIT,SFG,SFG,4240,4613,1147
2019-09-12,SEA,CIN,CIN,3874,4933,1193
2019-09-12,KCR,CHW,KCR,4339,4333,1328
2019-09-13,KCR,HOU,HOU,3151,5863,986
2019-09-13,NYM,LAD,LAD,3685,5171,1144
2019-09-13,TOR,NYY,NYY,3263,5557,1180
2019-09-13,WSN,ATL,WSN,4488,4333,1179
2019-09-13,TEX,OAK,OAK,3690,5138,1172
2019-09-13,LAA,TBR,TBR,3616,5079,1305
2019-09-13,MIL,STL,STL,3876,4875,1249
2019-09-13,CIN,ARI,ARI,4282,4584,1134
2019-09-13,PIT,CHC,CHC,3688,5111,1201
2019-09-13,MIA,SFG,SFG,4021,4867,1112
2019-09-13,SEA,CHW,SEA,4389,4310,1301
2019-09-13,SDP,COL,SDP,4646,4248,1106
2019-09-13,DET,BAL,BAL,4271,4565,1164
2019-09-14,KCR,HOU,HOU,3161,5854,985
2019-09-14,NYM,LAD,LAD,3559,5256,1185
2019-09-14,TOR,NYY,NYY,3330,5495,1175
2019-09-14,CLE,MIN,MIN,4222,4616,1162
2019-09-14,CLE,MIN,MIN,4187,4665,1148
2019-09-14,WSN,ATL,ATL,4397,4422,1181
2019-09-14,TEX,OAK,OAK,3738,5105,1157
2019-09-14,LAA,TBR,TBR,3545,5149,1306
2019-09-14,MIL,STL,STL,3829,4906,1265
2019-09-14,CIN,ARI,ARI,4276,4592,1132
2019-09-14,PHI,BOS,BOS,4158,4709,1133
2019-09-14,PIT,CHC,CHC,3643,5177,1180
2019-09-14,MIA,SFG,SFG,3951,4858,1191
2019-09-14,SEA,CHW,CHW,4342,4371,1287
2019-09-14,SDP,COL,SDP,4622,4223,1155
2019-09-14,DET,BAL,BAL,4268,4550,1182
2019-09-15,KCR,HOU,HOU,3041,5945,1014
2019-09-15,NYM,LAD,LAD,3675,5139,1186
2019-09-15,TOR,NYY,NYY,3233,5606,1161
2019-09-15,CLE,MIN,MIN,4112,4781,1107
2019-09-15,WSN,ATL,WSN,4499,4336,1165
2019-09-15,TEX,OAK,OAK,3693,5158,1149
2019-09-15,LAA,TBR,TBR,3574,5173,1253
2019-09-15,MIL,STL,STL,3910,4900,1190
2019-09-15,CIN,ARI,ARI,4295,4561,1144
2019-09-15,PHI,BOS,BOS,4174,4664,1162
2019-09-15,PIT,CHC,CHC,3523,5335,1142
2019-09-15,MIA,SFG,SFG,3946,4856,1198
2019-09-15,SEA,CHW,CHW,4294,4411,1295
2019-09-15,SDP,COL,SDP,4606,4300,1094
2019-09-15,DET,BAL,BAL,4225,4518,1257
2019-09-16,CHW,MIN,MIN,3193,5637,1170
2019-09-16,KCR,OAK,OAK,3241,5651,1108
2019-09-16,STL,WSN,WSN,4323,4531,1146
2019-09-16,SDP,MIL,MIL,4231,4533,1236
2019-09-16,COL,NYM,NYM,3769,4981,1250
2019-09-16,MIA,ARI,ARI,3515,5406,1079
2019-09-16,CIN,CHC,CHC,4051,4803,1146
2019-09-16,DET,BAL,BAL,4295,4511,1194
2019-09-17,TEX,HOU,HOU,3444,5546,1010
2019-09-17,TBR,LAD,LAD,3816,5014,1170
2019-09-17,LAA,NYY,NYY,3436,5428,1136
2019-09-17,CHW,MIN,MIN,3215,5576,1209
2019-09-17,PHI,ATL,ATL,3964,4870,1166
2019-09-17,KCR,OAK,OAK,3271,5626,1103
2019-09-17,DET,CLE,CLE,2783,6027,1190
2019-09-17,STL,WSN,WSN,4386,4515,1099
2019-09-17,SDP,MIL,MIL,4170,4610,1220
2019-09-17,COL,NYM,NYM,3806,4931,1263
2019-09-17,MIA,ARI,ARI,3567,5374,1059
2019-09-17,SFG,BOS,BOS,3831,5089,1080
2019-09-17,CIN,CHC,CHC,3953,4913,1134
2019-09-17,SEA,PIT,SEA,4455,4426,1119
2019-09-17,BAL,TOR,TOR,3699,5050,1251
2019-09-18,TEX,HOU,HOU,3412,5544,1044
2019-09-18,TBR,LAD,LAD,3899,4938,1163
2019-09-18,LAA,NYY,NYY,3361,5465,1174
2019-09-18,CHW,MIN,MIN,3217,5701,1082
2019-09-18,PHI,ATL,ATL,3903,4801,1296
2019-09-18,KCR,OAK,OAK,3245,5600,1155
2019-09-18,DET,CLE,CLE,2761,6050,1189
2019-09-18,STL,WSN,WSN,4413,4426,1161
2019-09-18,SDP,MIL,MIL,4244,4575,1181
2019-09-18,COL,NYM,NYM,3791,4996,1213
2019-09-18,MIA,ARI,ARI,3634,5255,1111
2019-09-18,SFG,BOS,BOS,3836,5061,1103
2019-09-18,CIN,CHC,CHC,4127,4753,1120
2019-09-18,SEA,PIT,SEA,4470,4338,1192
2019-09-18,BAL,TOR,TOR,3687,5101,1212
2019-09-19,LAA,NYY,NYY,3358,5424,1218
2019-09-19,KCR,MIN,MIN,3162,5694,1144
2019-09-19,PHI,ATL,ATL,3965,4823,1212
2019-09-19,DET,CLE,CLE,2805,6012,1183
2019-09-19,CHC,STL,CHC,4443,4368,1189
2019-09-19,SDP,MIL,MIL,4139,4593,1268
2019-09-19,SFG,BOS,BOS,3886,4966,1148
2019-09-19,SEA,PIT,SEA,4511,4353,1136
2019-09-19,BAL,TOR,TOR,3640,5073,1287
2019-09-20,LAA,HOU,HOU,3361,5646,993
2019-09-20,COL,LAD,LAD,3133,5760,1107
2019-09-20,TOR,NYY,NYY,3302,5543,1155
2019-09-20,KCR,MIN,MIN,3071,5774,1155
2019-09-20,SFG,ATL,ATL,3684,5060,1256
2019-09-20,TEX,OAK,OAK,3709,5155,1136
2019-09-20,BOS,TBR,TBR,4258,4498,1244
2019-09-20,PHI,CLE,CLE,3829,4905,1266
2019-09-20,MIA,WSN,WSN,3342,5520,1138
2019-09-20,CHC,STL,CHC,4519,4293,1188
2019-09-20,PIT,MIL,MIL,3866,4917,1217
2019-09-20,CIN,NYM,NYM,4176,4550,1274
2019-09-20,SDP,ARI,ARI,3855,4978,1167
2019-09-20,DET,CHW,CHW,3602,5128,1270
2019-09-20,BAL,SEA,SEA,3937,4862,1201
2019-09-21,LAA,HOU,HOU,3324,5622,1054
2019-09-21,COL,LAD,LAD,3091,5819,1090
2019-09-21,TOR,NYY,NYY,3296,5559,1145
2019-09-21,KCR,MIN,MIN,3150,5662,1188
2019-09-21,SFG,ATL,ATL,3635,5133,1232
2019-09-21,TEX,OAK,OAK,3521,5364,1115
2019-09-21,BOS,TBR,TBR,4205,4546,1249
2019-09-21,PHI,CLE,CLE,3762,5028,1210
2019-09-21,MIA,WSN,WSN,3316,5616,1068
2019-09-21,CHC,STL,CHC,4441,4302,1257
2019-09-21,PIT,MIL,MIL,3845,4916,1239
2019-09-21,CIN,NYM,NYM,4192,4526,1282
2019-09-21,SDP,ARI,ARI,3822,5031,1147
2019-09-21,DET,CHW,CHW,3478,5166,1356
2019-09-21,BAL,SEA,SEA,3883,4878,1239
2019-09-22,LAA,HOU,HOU,3362,5620,1018
2019-09-22,COL,LAD,LAD,3077,5819,1104
2019-09-22,TOR,NYY,NYY,3261,5549,1190
2019-09-22,KCR,MIN,MIN,3148,5685,1167
2019-09-22,SFG,ATL,ATL,3612,5179,1209
2019-09-22,TEX,OAK,OAK,3601,5226,1173
2019-09-22,BOS,TBR,TBR,4189,4527,1284
2019-09-22,PHI,CLE,CLE,3863,4880,1257
2019-09-22,MIA,WSN,WSN,3301,5596,1103
2019-09-22,CHC,STL,CHC,4486,4376,1138
2019-09-22,PIT,MIL,MIL,3766,5023,1211
2019-09-22,CIN,NYM,NYM,4259,4521,1220
2019-09-22,SDP,ARI,ARI,3786,5079,1135
2019-09-22,DET,CHW,CHW,3603,5118,1279
2019-09-22,BAL,SEA,SEA,3933,4919,1148
2019-09-23,BOS,TBR,TBR,4199,4525,1276
2019-09-23,PHI,WSN,WSN,3893,4953,1154
2019-09-23,ARI,STL,STL,4270,4562,1168
2019-09-23,MIA,NYM,NYM,3451,5266,1283
2019-09-23,BAL,TOR,TOR,3800,5003,1197
2019-09-24,SEA,HOU,HOU,3191,5836,973
2019-09-24,SDP,LAD,LAD,3189,5700,1111
2019-09-24,TBR,NYY,NYY,3969,4824,1207
2019-09-24,DET,MIN,MIN,2639,6305,1056
2019-09-24,KCR,ATL,ATL,3169,5544,1287
2019-09-24,LAA,OAK,OAK,3443,5418,1139
2019-09-24,CHW,CLE,CLE,3372,5466,1162
2019-09-24,PHI,WSN,WSN,3860,4985,1155
2019-09-24,PHI,WSN,WSN,3815,5018,1167
2019-09-24,ARI,STL,STL,4181,4675,1144
2019-09-24,CIN,MIL,CIN,4451,4264,1285
2019-09-24,MIA,NYM,NYM,3476,5277,1247
2019-09-24,TEX,BOS,BOS,3880,4884,1236
2019-09-24,PIT,CHC,CHC,3496,5409,1095
2019-09-24,COL,SFG,SFG,4226,4571,1203
2019-09-24,BAL,TOR,TOR,3699,5099,1202
2019-09-25,SEA,HOU,HOU,3144,5898,958
2019-09-25,SDP,LAD,LAD,3156,5722,1122
2019-09-25,TBR,NYY,NYY,4054,4728,1218
2019-09-25,DET,MIN,MIN,2656,6246,1098
2019-09-25,KCR,ATL,ATL,3345,5400,1255
2019-09-25,LAA,OAK,OAK,3557,5318,1125
2019-09-25,CHW,CLE,CLE,3301,5503,1196
2019-09-25,PHI,WSN,WSN,3891,4947,1162
2019-09-25,ARI,STL,STL,4224,4624,1152
2019-09-25,CIN,MIL,MIL,4359,4363,1278
2019-09-25,MIA,NYM,NYM,3410,5364,1226
2019-09-25,TEX,BOS,BOS,3824,5009,1167
2019-09-25,PIT,CHC,CHC,3565,5356,1079
2019-09-25,COL,SFG,SFG,4195,4584,1221
2019-09-25,BAL,TOR,TOR,3748,5004,1248
2019-09-26,LAA,HOU,HOU,3339,5668,993
2019-09-26,SDP,LAD,LAD,3066,5755,1179
2019-09-26,DET,MIN,MIN,2583,6392,1025
2019-09-26,SEA,OAK,OAK,3401,5544,1055
2019-09-26,CHW,CLE,CLE,3304,5496,1200
2019-09-26,PHI,WSN,WSN,3923,4933,1144
2019-09-26,CIN,MIL,MIL,4306,4462,1232
2019-09-26,MIA,NYM,NYM,3469,5255,1276
2019-09-26,TEX,BOS,BOS,3805,5032,1163
2019-09-26,PIT,CHC,CHC,3476,5343,1181
2019-09-26,COL,SFG,SFG,4255,4551,1194
2019-09-27,LAA,HOU,HOU,3342,5637,1021
2019-09-27,SFG,LAD,LAD,3107,5758,1135
2019-09-27,TEX,NYY,NYY,3378,5444,1178
2019-09-27,KCR,MIN,MIN,3103,5769,1128
2019-09-27,NYM,ATL,ATL,4164,4551,1285
2019-09-27,SEA,OAK,OAK,3380,5472,1148
2019-09-27,TOR,TBR,TBR,3466,5259,1275
2019-09-27,WSN,CLE,CLE,4341,4448,1211
2019-09-27,CHC,STL,STL,4359,4374,1267
2019-09-27,COL,MIL,MIL,3878,4891,1231
2019-09-27,SDP,ARI,ARI,3882,4993,1125
2019-09-27,BAL,BOS,BOS,3230,5632,1138
2019-09-27,MIA,PHI,PHI,3747,5048,1205
2019-09-27,PIT,CIN,CIN,3889,4886,1225
2019-09-28,LAA,HOU,HOU,3277,5715,1008
2019-09-28,SFG,LAD,LAD,3185,5709,1106
2019-09-28,TEX,NYY,NYY,3256,5625,1119
2019-09-28,KCR,MIN,MIN,3123,5707,1170
2019-09-28,NYM,ATL,ATL,4142,4567,1291
2019-09-28,SEA,OAK,OAK,3359,5502,1139
2019-09-28,TOR,TBR,TBR,3463,5303,1234
2019-09-28,WSN,CLE,WSN,4559,4289,1152
2019-09-28,CHC,STL,CHC,4486,4333,1181
2019-09-28,COL,MIL,MIL,3926,4868,1206
2019-09-28,SDP,ARI,ARI,3747,5093,1160
2019-09-28,BAL,BOS,BOS,3179,5630,1191
2019-09-28,MIA,PHI,PHI,3705,5176,1119
2019-09-28,PIT,CIN,CIN,3994,4812,1194
2019-09-28,DET,CHW,CHW,3577,5126,1297
2019-09-28,DET,CHW,CHW,3596,5057,1347
2019-09-29,LAA,HOU,HOU,3307,5637,1056
2019-09-29,SFG,LAD,LAD,3140,5745,1115
2019-09-29,TEX,NYY,NYY,3450,5402,1148
2019-09-29,KCR,MIN,MIN,3097,5755,1148
2019-09-29,NYM,ATL,ATL,4116,4581,1303
2019-09-29,SEA,OAK,OAK,3416,5474,1110
2019-09-29,TOR,TBR,TBR,3571,5216,1213
2019-09-29,WSN,CLE,WSN,4482,4331,1187
2019-09-29,CHC,STL,STL,4352,4400,1248
2019-09-29,COL,MIL,MIL,3916,4882,1202
2019-09-29,SDP,ARI,ARI,3830,5012,1158
2019-09-29,BAL,BOS,BOS,3339,5522,1139
2019-09-29,MIA,PHI,PHI,3861,5026,1113
2019-09-29,PIT,CIN,CIN,3781,4948,1271
2019-09-29,DET,CHW,CHW,3505,5200,1295
